s1,s2,s3,s4,s5,mean,sd
0.3930838704109192,0.4858381152153015,0.5376426577568054,0.4017266929149627,0.5440760850906372,0.47247348427772523,0.07221562547895037
0.1628320217132568,0.1570096015930175,0.1440111547708511,0.1552339941263198,0.1554493606090545,0.15490722656249994,0.00682545650129658
0.0422744303941726,0.028150301426649,0.0449185706675052,0.0235519055277109,0.0424222201108932,0.036263485625386185,0.009700257612364472
0.0194956008344888,0.0828265398740768,0.0365178547799587,0.0539829060435295,0.0305724684149026,0.04467907398939128,0.024706272403365283
0.0394663959741592,0.0241954009979963,0.012298684567213,0.010118044912815,0.0090954871848225,0.019034802727401202,0.012920484011429137
0.0112018473446369,-0.0007606169092468,0.0376961603760719,0.0134484274312853,0.0132818510755896,0.01497353386366738,0.013993700508178965
0.0126938493922352,0.0129324039444327,0.0093096019700169,0.0134486192837357,0.0091127390041947,0.011499442718923041,0.0021077850687006437
0.0219938661903142,0.0237022843211889,0.0205590836703777,0.0191697310656309,0.0196681190282106,0.02101861685514446,0.00184435463815765
0.011160347610712,0.0093466937541961,0.0152468420565128,0.0155477914959192,0.0223302785307168,0.014726390689611379,0.005010550907023755
0.0224658027291297,0.0263846665620803,0.0189923252910375,0.0223256777971982,0.0210653319954872,0.02224676087498658,0.002700166469736149
0.0036296071484684,0.013732892461121,0.0174221135675907,0.0188665781170129,0.0179993826895952,0.01433011479675764,0.0062940650849340396
0.0095106828957796,0.0074553107842803,0.0112204411998391,0.0230267755687236,0.0287564173340797,0.01599392555654046,0.009355061547053855
0.0141964890062808,0.0189270544797182,0.0168132185935974,0.0305882822722196,0.0210607312619686,0.020317155122756923,0.006279360299878648
0.0149762751534581,0.0090829310938715,0.008197046816349,0.0072707156650722,0.0108769368380308,0.010080781113356321,0.00304303932037329
0.0233070235699415,0.019433494657278,0.0241812150925397,0.0275053679943084,0.0158431828022003,0.022054056823253582,0.004507045141378724
0.0204794369637966,0.0212130267173051,0.0127069791778922,0.0275659412145614,0.0211260002106428,0.02061827685683962,0.005279428423345123
0.0285982750356197,0.0186452735215425,0.0146266361698508,0.0087607046589255,0.0103724151849746,0.01620066091418262,0.007928996121200637
0.0126328924670815,0.016118062660098,0.0115558952093124,0.0069930558092892,0.005072824191302,0.010474546067416619,0.00444343415400258
0.0138235604390501,0.0179070848971605,0.0115184197202324,0.0223296079784631,0.022873617708683,0.017690458148717822,0.005036882408165769
0.0148856062442064,0.0246720314025878,0.0139878373593091,0.0076222708448767,0.0200948156416416,0.01625251229852432,0.00646393551201817
0.0214111357927322,0.0122640850022435,0.0140145774930715,0.0148781305178999,0.0157734081149101,0.01566826738417144,0.00346190180190389
0.0181715171784162,0.0184919238090515,0.0206371005624532,0.0121348872780799,0.0133537342771887,0.0165578326210379,0.0036336553639545514
0.0093800472095608,0.0152009325101971,0.0204445514827966,0.0107200406491756,0.0046671167947351,0.012082537729293042,0.005995748096830864
0.0290301479399204,0.0220739915966987,0.0163118597120046,0.022657873108983,0.0182224102318286,0.02165925651788706,0.004896576498702166
0.022144054993987,0.0261679627001285,0.0232513379305601,0.0274280216544866,0.0155219137668609,0.022902658209204618,0.004645254907961263
