index,n_pooled,q_reference,q_prediction
0,634880,-1.8814433813095093,-2.015625
1269,634880,-0.9574524164199829,-1.03125
2538,634880,-0.8225475549697876,-0.87890625
3807,634880,-0.7418767213821411,-0.79296875
5076,634880,-0.675611138343811,-0.72265625
6345,634880,-0.6230261325836182,-0.6640625
7614,634880,-0.576815664768219,-0.61328125
8883,634880,-0.537566602230072,-0.5703125
10152,634880,-0.5034094452857971,-0.53125
11421,634880,-0.47384628653526306,-0.498046875
12690,634880,-0.4442051947116852,-0.46875
13959,634880,-0.4178260266780853,-0.44140625
15228,634880,-0.39586952328681946,-0.41796875
16497,634880,-0.3758455216884613,-0.39453125
17766,634880,-0.3569682538509369,-0.373046875
19035,634880,-0.3375159204006195,-0.3515625
20304,634880,-0.32096007466316223,-0.333984375
21573,634880,-0.3053310215473175,-0.314453125
22842,634880,-0.28843122720718384,-0.296875
24111,634880,-0.27242985367774963,-0.28125
25380,634880,-0.259046733379364,-0.265625
26649,634880,-0.24523431062698364,-0.251953125
27918,634880,-0.23339833319187164,-0.2392578125
29187,634880,-0.22212927043437958,-0.2255859375
30456,634880,-0.21121400594711304,-0.2138671875
31725,634880,-0.20036180317401886,-0.2021484375
32994,634880,-0.19028937816619873,-0.19140625
34263,634880,-0.17958912253379822,-0.181640625
35532,634880,-0.17068174481391907,-0.171875
36801,634880,-0.16093774139881134,-0.162109375
38070,634880,-0.15190017223358154,-0.15234375
39339,634880,-0.14245398342609406,-0.1435546875
40608,634880,-0.13374274969100952,-0.134765625
41877,634880,-0.12589910626411438,-0.1259765625
43146,634880,-0.11801697313785553,-0.11767578125
44415,634880,-0.10993234068155289,-0.109375
45684,634880,-0.10297669470310211,-0.1015625
46953,634880,-0.09526205062866211,-0.09423828125
48222,634880,-0.0884045660495758,-0.08740234375
49491,634880,-0.0816085934638977,-0.08056640625
50760,634880,-0.07520070672035217,-0.07421875
52029,634880,-0.0694633424282074,-0.06787109375
53298,634880,-0.06350534409284592,-0.061767578125
54567,634880,-0.0575476698577404,-0.0556640625
55836,634880,-0.051343705505132675,-0.0498046875
57105,634880,-0.0454995334148407,-0.0439453125
58374,634880,-0.03971381112933159,-0.03857421875
59643,634880,-0.03459473326802254,-0.033447265625
60912,634880,-0.02952142059803009,-0.028564453125
62181,634880,-0.02467409335076809,-0.0233154296875
63450,634880,-0.019795723259449005,-0.01806640625
64719,634880,-0.015015182085335255,-0.012939453125
65988,634880,-0.009971249848604202,-0.00799560546875
67257,634880,-0.0053512705489993095,-0.0032196044921875
68526,634880,-0.0005385646945796907,0.00140380859375
69795,634880,0.0038500160444527864,0.00604248046875
71064,634880,0.008443553000688553,0.01043701171875
72333,634880,0.013045541942119598,0.01458740234375
73602,634880,0.017046816647052765,0.018798828125
74871,634880,0.02123824693262577,0.0228271484375
76140,634880,0.024909893050789833,0.0269775390625
77409,634880,0.028992127627134323,0.0308837890625
78678,634880,0.0328710712492466,0.03466796875
79947,634880,0.03677886724472046,0.038330078125
81216,634880,0.04042134806513786,0.041748046875
82485,634880,0.044052205979824066,0.04541015625
83754,634880,0.047407228499650955,0.049072265625
85023,634880,0.05058174952864647,0.052490234375
86292,634880,0.0540187805891037,0.055908203125
87561,634880,0.05749630928039551,0.0595703125
88830,634880,0.060845281928777695,0.06298828125
90099,634880,0.06398916989564896,0.06640625
91368,634880,0.0673523023724556,0.0693359375
92637,634880,0.07040253281593323,0.07275390625
93906,634880,0.07364054769277573,0.07568359375
95175,634880,0.07658583670854568,0.07861328125
96444,634880,0.07944032549858093,0.08203125
97713,634880,0.08220518380403519,0.0849609375
98982,634880,0.08492426574230194,0.087890625
100251,634880,0.08779677748680115,0.0908203125
101520,634880,0.09058596938848495,0.09326171875
102789,634880,0.09343066066503525,0.09619140625
104058,634880,0.09614912420511246,0.0986328125
105327,634880,0.09860386699438095,0.1015625
106596,634880,0.10111021995544434,0.10400390625
107865,634880,0.10379240661859512,0.1064453125
109134,634880,0.10638176649808884,0.109375
110403,634880,0.10881039500236511,0.11181640625
111672,634880,0.11125332862138748,0.1142578125
112941,634880,0.11367671936750412,0.11669921875
114210,634880,0.11594747751951218,0.119140625
115479,634880,0.11813461780548096,0.12158203125
116748,634880,0.120463527739048,0.12353515625
118017,634880,0.12267186492681503,0.1259765625
119286,634880,0.12479308247566223,0.1279296875
120555,634880,0.12694738805294037,0.130859375
121824,634880,0.12901407480239868,0.1328125
123093,634880,0.1311878114938736,0.134765625
124362,634880,0.1333915740251541,0.13671875
125631,634880,0.13567356765270233,0.138671875
126900,634880,0.13773979246616364,0.1416015625
128169,634880,0.13978105783462524,0.1435546875
129438,634880,0.1417471021413803,0.1455078125
130707,634880,0.14358705282211304,0.1474609375
131976,634880,0.14549705386161804,0.1494140625
133245,634880,0.14748474955558777,0.1513671875
134514,634880,0.149336040019989,0.1533203125
135783,634880,0.1511433869600296,0.1552734375
137052,634880,0.1528688669204712,0.1572265625
138321,634880,0.1547216773033142,0.1591796875
139590,634880,0.15654785931110382,0.16015625
140859,634880,0.15823228657245636,0.162109375
142128,634880,0.16002614796161652,0.1640625
143397,634880,0.1616564840078354,0.166015625
144666,634880,0.16328123211860657,0.16796875
145935,634880,0.16493630409240723,0.1689453125
147204,634880,0.16658906638622284,0.1708984375
148473,634880,0.16801688075065613,0.1728515625
149742,634880,0.1694028079509735,0.173828125
151011,634880,0.17087683081626892,0.17578125
152280,634880,0.17232534289360046,0.1767578125
153549,634880,0.17378538846969604,0.1787109375
154818,634880,0.17510844767093658,0.1796875
156087,634880,0.17655180394649506,0.181640625
157356,634880,0.17799115180969238,0.1826171875
158625,634880,0.1793525367975235,0.1845703125
159894,634880,0.18070285022258759,0.185546875
161163,634880,0.182163804769516,0.1875
162432,634880,0.18346983194351196,0.1884765625
163701,634880,0.1848861277103424,0.1904296875
164970,634880,0.186254620552063,0.19140625
166239,634880,0.1874924600124359,0.1923828125
167508,634880,0.1887696236371994,0.1943359375
168777,634880,0.19006933271884918,0.1953125
170046,634880,0.191267728805542,0.1962890625
171315,634880,0.19261275231838226,0.1982421875
172584,634880,0.19381147623062134,0.19921875
173853,634880,0.19494670629501343,0.2001953125
175122,634880,0.19623960554599762,0.2021484375
176391,634880,0.1973961591720581,0.203125
177660,634880,0.1986052244901657,0.2041015625
178929,634880,0.19978302717208862,0.2060546875
180198,634880,0.2008724957704544,0.20703125
181467,634880,0.2020464837551117,0.2080078125
182736,634880,0.203177347779274,0.208984375
184005,634880,0.20433355867862701,0.2099609375
185274,634880,0.20541279017925262,0.2119140625
186543,634880,0.20656825602054596,0.212890625
187812,634880,0.2076496183872223,0.2138671875
189081,634880,0.2088283747434616,0.21484375
190350,634880,0.21000593900680542,0.2158203125
191619,634880,0.21106645464897156,0.2177734375
192888,634880,0.21212603151798248,0.21875
194157,634880,0.21324609220027924,0.2197265625
195426,634880,0.21425893902778625,0.220703125
196695,634880,0.2153749018907547,0.2216796875
197964,634880,0.2164047360420227,0.22265625
199233,634880,0.21738530695438385,0.2236328125
200502,634880,0.2184879630804062,0.2255859375
201771,634880,0.21950377523899078,0.2265625
203040,634880,0.2204991728067398,0.2275390625
204309,634880,0.22153906524181366,0.228515625
205578,634880,0.22252459824085236,0.2294921875
206847,634880,0.2235635221004486,0.23046875
208116,634880,0.22460412979125977,0.2314453125
209385,634880,0.22562676668167114,0.232421875
210654,634880,0.22659391164779663,0.2333984375
211923,634880,0.22761625051498413,0.234375
213192,634880,0.22862793505191803,0.2353515625
214461,634880,0.22959990799427032,0.236328125
215730,634880,0.2305155247449875,0.2373046875
216999,634880,0.23137113451957703,0.23828125
218268,634880,0.23227684199810028,0.2392578125
219537,634880,0.23320505023002625,0.240234375
220806,634880,0.23414082825183868,0.2412109375
222075,634880,0.23508930206298828,0.2421875
223344,634880,0.23613734543323517,0.2431640625
224613,634880,0.23698818683624268,0.244140625
225882,634880,0.2379033863544464,0.2451171875
227151,634880,0.23883821070194244,0.24609375
228420,634880,0.2397531419992447,0.2470703125
229689,634880,0.24074281752109528,0.248046875
230958,634880,0.2416364997625351,0.2490234375
232227,634880,0.24250392615795135,0.25
233496,634880,0.24338406324386597,0.251953125
234765,634880,0.24421438574790955,0.251953125
236034,634880,0.24503321945667267,0.251953125
237303,634880,0.2458571344614029,0.25390625
238572,634880,0.24670620262622833,0.25390625
239841,634880,0.24754296243190765,0.255859375
241110,634880,0.24849055707454681,0.255859375
242379,634880,0.2493925839662552,0.2578125
243648,634880,0.2503514587879181,0.2578125
244917,634880,0.2511955201625824,0.259765625
246186,634880,0.25206804275512695,0.259765625
247455,634880,0.25289109349250793,0.26171875
248724,634880,0.2537060081958771,0.26171875
249993,634880,0.2545495927333832,0.263671875
251262,634880,0.25539430975914,0.263671875
252531,634880,0.25631290674209595,0.265625
253800,634880,0.25722962617874146,0.265625
255069,634880,0.25817060470581055,0.265625
256338,634880,0.259014755487442,0.267578125
257607,634880,0.25986626744270325,0.267578125
258876,634880,0.26081210374832153,0.26953125
260145,634880,0.261710524559021,0.26953125
261414,634880,0.26260000467300415,0.271484375
262683,634880,0.2633691132068634,0.271484375
263952,634880,0.26435959339141846,0.2734375
265221,634880,0.26526153087615967,0.2734375
266490,634880,0.26613667607307434,0.275390625
267759,634880,0.26707905530929565,0.275390625
269028,634880,0.26805755496025085,0.27734375
270297,634880,0.26902708411216736,0.27734375
271566,634880,0.26986098289489746,0.27734375
272835,634880,0.2706417739391327,0.279296875
274104,634880,0.27139347791671753,0.279296875
275373,634880,0.27227523922920227,0.28125
276642,634880,0.2730792164802551,0.28125
277911,634880,0.2739081084728241,0.283203125
279180,634880,0.2748347818851471,0.283203125
280449,634880,0.2757244110107422,0.28515625
281718,634880,0.27661749720573425,0.28515625
282987,634880,0.27746662497520447,0.287109375
284256,634880,0.27832555770874023,0.287109375
285525,634880,0.2791289687156677,0.287109375
286794,634880,0.27999135851860046,0.2890625
288063,634880,0.28091344237327576,0.2890625
289332,634880,0.2818261981010437,0.291015625
290601,634880,0.2827104330062866,0.291015625
291870,634880,0.28359609842300415,0.29296875
293139,634880,0.28448668122291565,0.29296875
294408,634880,0.2853783965110779,0.294921875
295677,634880,0.28627118468284607,0.294921875
296946,634880,0.2872328460216522,0.296875
298215,634880,0.2881483733654022,0.296875
299484,634880,0.2890413701534271,0.298828125
300753,634880,0.2899513840675354,0.298828125
302022,634880,0.290812611579895,0.30078125
303291,634880,0.2917611598968506,0.30078125
304560,634880,0.29265204071998596,0.30078125
305829,634880,0.2935900092124939,0.302734375
307098,634880,0.29450708627700806,0.302734375
308367,634880,0.295476496219635,0.3046875
309636,634880,0.29642370343208313,0.3046875
310905,634880,0.29736730456352234,0.306640625
312174,634880,0.29834693670272827,0.306640625
313443,634880,0.29932501912117004,0.30859375
314712,634880,0.3002238869667053,0.30859375
315981,634880,0.30117538571357727,0.310546875
317250,634880,0.30212491750717163,0.310546875
318519,634880,0.30307939648628235,0.3125
319788,634880,0.3040621876716614,0.3125
321057,634880,0.30505216121673584,0.314453125
322326,634880,0.30602455139160156,0.314453125
323595,634880,0.3070129454135895,0.31640625
324864,634880,0.3079432249069214,0.31640625
326133,634880,0.3088616132736206,0.318359375
327402,634880,0.30990511178970337,0.318359375
328671,634880,0.3108457922935486,0.3203125
329940,634880,0.3118077516555786,0.3203125
331209,634880,0.3128529489040375,0.322265625
332478,634880,0.3138848543167114,0.32421875
333747,634880,0.314876526594162,0.32421875
335016,634880,0.3158874213695526,0.326171875
336285,634880,0.31693920493125916,0.326171875
337554,634880,0.31795626878738403,0.328125
338823,634880,0.3191312551498413,0.328125
340092,634880,0.3201410174369812,0.330078125
341361,634880,0.32123592495918274,0.330078125
342630,634880,0.32227668166160583,0.33203125
343899,634880,0.3233489990234375,0.33203125
345168,634880,0.3244211971759796,0.333984375
346437,634880,0.3255003094673157,0.333984375
347706,634880,0.32659393548965454,0.3359375
348975,634880,0.32768499851226807,0.337890625
350244,634880,0.3287491798400879,0.337890625
351513,634880,0.32988953590393066,0.33984375
352782,634880,0.3310561776161194,0.33984375
354051,634880,0.3322719633579254,0.341796875
355320,634880,0.3333761394023895,0.341796875
356589,634880,0.33451882004737854,0.34375
357858,634880,0.3355284333229065,0.345703125
359127,634880,0.33654817938804626,0.345703125
360396,634880,0.33767402172088623,0.34765625
361665,634880,0.3387630879878998,0.34765625
362934,634880,0.33993110060691833,0.349609375
364203,634880,0.34112438559532166,0.349609375
365472,634880,0.34224948287010193,0.3515625
366741,634880,0.3434874415397644,0.353515625
368010,634880,0.34458088874816895,0.353515625
369279,634880,0.3457856774330139,0.35546875
370548,634880,0.34688177704811096,0.35546875
371817,634880,0.3481901288032532,0.357421875
373086,634880,0.34942787885665894,0.359375
374355,634880,0.35065126419067383,0.359375
375624,634880,0.35195061564445496,0.361328125
376893,634880,0.3531865179538727,0.36328125
378162,634880,0.3543337285518646,0.36328125
379431,634880,0.3554888963699341,0.365234375
380700,634880,0.35667476058006287,0.365234375
381969,634880,0.35793259739875793,0.3671875
383238,634880,0.35925471782684326,0.369140625
384507,634880,0.360701322555542,0.369140625
385776,634880,0.36217549443244934,0.37109375
387045,634880,0.3636544942855835,0.373046875
388314,634880,0.3649905323982239,0.373046875
389583,634880,0.36634278297424316,0.375
390852,634880,0.36766135692596436,0.376953125
392121,634880,0.3688926696777344,0.376953125
393390,634880,0.3702910542488098,0.37890625
394659,634880,0.37152665853500366,0.380859375
395928,634880,0.37280362844467163,0.380859375
397197,634880,0.37413108348846436,0.3828125
398466,634880,0.3755340278148651,0.384765625
399735,634880,0.37685129046440125,0.38671875
401004,634880,0.37814968824386597,0.38671875
402273,634880,0.379455029964447,0.388671875
403542,634880,0.38090166449546814,0.390625
404811,634880,0.3823834955692291,0.390625
406080,634880,0.38381117582321167,0.392578125
407349,634880,0.38529759645462036,0.39453125
408618,634880,0.3867570459842682,0.396484375
409887,634880,0.3881317675113678,0.396484375
411156,634880,0.38955533504486084,0.3984375
412425,634880,0.3909861445426941,0.400390625
413694,634880,0.3924427628517151,0.40234375
414963,634880,0.39403438568115234,0.40234375
416232,634880,0.39558205008506775,0.404296875
417501,634880,0.3970755338668823,0.40625
418770,634880,0.3986704349517822,0.408203125
420039,634880,0.40021035075187683,0.408203125
421308,634880,0.4018108546733856,0.41015625
422577,634880,0.40354591608047485,0.412109375
423846,634880,0.40512365102767944,0.4140625
425115,634880,0.40675902366638184,0.416015625
426384,634880,0.4083923399448395,0.416015625
427653,634880,0.4100779592990875,0.41796875
428922,634880,0.41181832551956177,0.419921875
430191,634880,0.4134839177131653,0.421875
431460,634880,0.41515734791755676,0.423828125
432729,634880,0.4168912172317505,0.42578125
433998,634880,0.4185847043991089,0.427734375
435267,634880,0.42038166522979736,0.4296875
436536,634880,0.4220038950443268,0.4296875
437805,634880,0.423572838306427,0.431640625
439074,634880,0.42551594972610474,0.43359375
440343,634880,0.4273228049278259,0.435546875
441612,634880,0.42920127511024475,0.4375
442881,634880,0.4309536814689636,0.439453125
444150,634880,0.43275073170661926,0.44140625
445419,634880,0.43472108244895935,0.443359375
446688,634880,0.43668943643569946,0.4453125
447957,634880,0.4383651614189148,0.4453125
449226,634880,0.44022083282470703,0.447265625
450495,634880,0.4419304132461548,0.44921875
451764,634880,0.44364941120147705,0.451171875
453033,634880,0.4455814063549042,0.453125
454302,634880,0.4475945830345154,0.455078125
455571,634880,0.4494461119174957,0.45703125
456840,634880,0.4514537453651428,0.458984375
458109,634880,0.4535440504550934,0.4609375
459378,634880,0.45580849051475525,0.462890625
460647,634880,0.45775076746940613,0.46484375
461916,634880,0.4599659740924835,0.466796875
463185,634880,0.4620058536529541,0.46875
464454,634880,0.4641401767730713,0.470703125
465723,634880,0.46612295508384705,0.47265625
466992,634880,0.4682055413722992,0.474609375
468261,634880,0.4700985848903656,0.4765625
469530,634880,0.4723058044910431,0.478515625
470799,634880,0.4745320975780487,0.48046875
472068,634880,0.47665491700172424,0.484375
473337,634880,0.47887083888053894,0.486328125
474606,634880,0.4811253547668457,0.48828125
475875,634880,0.4832209050655365,0.490234375
477144,634880,0.4855152368545532,0.4921875
478413,634880,0.487703800201416,0.494140625
479682,634880,0.4899432957172394,0.49609375
480951,634880,0.49217092990875244,0.498046875
482220,634880,0.49448758363723755,0.5
483489,634880,0.4967549741268158,0.50390625
484758,634880,0.49923086166381836,0.50390625
486027,634880,0.5015522241592407,0.5078125
487296,634880,0.5038119554519653,0.5078125
488565,634880,0.5063295364379883,0.51171875
489834,634880,0.5087501406669617,0.515625
491103,634880,0.51131671667099,0.515625
492372,634880,0.5139689445495605,0.51953125
493641,634880,0.5167936086654663,0.5234375
494910,634880,0.5195428133010864,0.5234375
496179,634880,0.5221712589263916,0.52734375
497448,634880,0.52480548620224,0.53125
498717,634880,0.5274856090545654,0.53125
499986,634880,0.5303174257278442,0.53515625
501255,634880,0.5331567525863647,0.5390625
502524,634880,0.5360220670700073,0.5390625
503793,634880,0.5387074947357178,0.54296875
505062,634880,0.5413387417793274,0.546875
506331,634880,0.5445802211761475,0.546875
507600,634880,0.5475194454193115,0.55078125
508869,634880,0.5505138635635376,0.5546875
510138,634880,0.5533726811408997,0.55859375
511407,634880,0.5561355352401733,0.55859375
512676,634880,0.5590091943740845,0.5625
513945,634880,0.562027096748352,0.56640625
515214,634880,0.5651673674583435,0.5703125
516483,634880,0.5685029029846191,0.5703125
517752,634880,0.5716760754585266,0.57421875
519021,634880,0.5749225616455078,0.578125
520290,634880,0.5780929923057556,0.58203125
521559,634880,0.5814862847328186,0.58203125
522828,634880,0.5848305225372314,0.5859375
524097,634880,0.5882636904716492,0.58984375
525366,634880,0.5917572975158691,0.59375
526635,634880,0.5953680872917175,0.59765625
527904,634880,0.5988814234733582,0.6015625
529173,634880,0.6025802493095398,0.60546875
530442,634880,0.6060144305229187,0.609375
531711,634880,0.6096006631851196,0.609375
532980,634880,0.613243579864502,0.61328125
534249,634880,0.6170396208763123,0.6171875
535518,634880,0.620589017868042,0.62109375
536787,634880,0.6245183348655701,0.625
538056,634880,0.6285758018493652,0.62890625
539325,634880,0.6321768164634705,0.6328125
540594,634880,0.6362161040306091,0.63671875
541863,634880,0.6402676105499268,0.640625
543132,634880,0.6443538665771484,0.64453125
544401,634880,0.6482107639312744,0.6484375
545670,634880,0.6522584557533264,0.65234375
546939,634880,0.6571841239929199,0.65625
548208,634880,0.6615543365478516,0.66015625
549477,634880,0.6660248637199402,0.6640625
550746,634880,0.6705005764961243,0.671875
552015,634880,0.6750897169113159,0.67578125
553284,634880,0.6797257661819458,0.6796875
554553,634880,0.6841460466384888,0.68359375
555822,634880,0.6886796355247498,0.6875
557091,634880,0.6934038400650024,0.69140625
558360,634880,0.6982342600822449,0.69921875
559629,634880,0.7033423185348511,0.703125
560898,634880,0.7086290717124939,0.70703125
562167,634880,0.7142001390457153,0.7109375
563436,634880,0.7193400859832764,0.71875
564705,634880,0.7244468331336975,0.72265625
565974,634880,0.7298814654350281,0.7265625
567243,634880,0.7358745336532593,0.734375
568512,634880,0.7418606281280518,0.73828125
569781,634880,0.7478543519973755,0.74609375
571050,634880,0.7540865540504456,0.75
572319,634880,0.7598021626472473,0.7578125
573588,634880,0.7658738493919373,0.765625
574857,634880,0.7722935676574707,0.76953125
576126,634880,0.7783464789390564,0.77734375
577395,634880,0.78509920835495,0.78515625
578664,634880,0.7917799353599548,0.7890625
579933,634880,0.7983962893486023,0.796875
581202,634880,0.8048142194747925,0.8046875
582471,634880,0.8127081990242004,0.80859375
583740,634880,0.8200263381004333,0.81640625
585009,634880,0.8273237347602844,0.82421875
586278,634880,0.8353065252304077,0.83203125
587547,634880,0.8430874943733215,0.83984375
588816,634880,0.8510392308235168,0.84765625
590085,634880,0.8593177199363708,0.85546875
591354,634880,0.8682921528816223,0.86328125
592623,634880,0.8771076202392578,0.87109375
593892,634880,0.8857289552688599,0.8828125
595161,634880,0.8944359421730042,0.890625
596430,634880,0.9041743874549866,0.8984375
597699,634880,0.9140503406524658,0.91015625
598968,634880,0.923588752746582,0.921875
600237,634880,0.9339183568954468,0.9296875
601506,634880,0.9444312453269958,0.94140625
602775,634880,0.9560130834579468,0.953125
604044,634880,0.9677462577819824,0.96484375
605313,634880,0.9806599020957947,0.9765625
606582,634880,0.9934056401252747,0.9921875
607851,634880,1.007873773574829,1.0078125
609120,634880,1.0215704441070557,1.0234375
610389,634880,1.0363852977752686,1.0390625
611658,634880,1.052154302597046,1.0546875
612927,634880,1.0695022344589233,1.0703125
614196,634880,1.087447166442871,1.0859375
615465,634880,1.1062071323394775,1.1015625
616734,634880,1.1247258186340332,1.125
618003,634880,1.1464334726333618,1.1484375
619272,634880,1.1705399751663208,1.171875
620541,634880,1.1977287530899048,1.203125
621810,634880,1.2270573377609253,1.2265625
623079,634880,1.256277084350586,1.2578125
624348,634880,1.287699580192566,1.2890625
625617,634880,1.325274109840393,1.328125
626886,634880,1.3642617464065552,1.3671875
628155,634880,1.4105141162872314,1.421875
629424,634880,1.4681274890899658,1.4765625
630693,634880,1.535975456237793,1.546875
631962,634880,1.642928957939148,1.6484375
633231,634880,1.7927064895629883,1.8125
634500,634880,2.166741132736206,2.203125
634879,634880,3.197368860244751,3.375
