case,arm,seed,repeat,final_it,re_native,rc_native,rt_solve,history_available
hjb1_d10000,seed1_r0,1,0,9000,0.002324321074411273,0.0010313134407624602,3586.4303941726685,True
hjb1_d10000,seed2_r0,2,0,9000,0.0025263973511755466,0.0013660744298249483,2804.9033138751984,True
hjb1_d10000,seed3_r0,3,0,9000,0.002293093828484416,0.0013757044216617942,2811.3708159923553,True
hjb1_d10000,seed4_r0,4,0,9000,0.002325888955965638,0.0014618549030274153,2823.5399086475372,True
hjb1_d10000,seed5_r0,5,0,9000,0.002714006695896387,0.001368871657177806,2811.6278545856476,True
hjb2_d10000,seed1_r0,1,0,9000,0.021830705925822258,-0.00861725676804781,2813.828139066696,True
hjb2_d10000,seed2_r0,2,0,9000,0.017390554770827293,-0.008190813474357128,2809.9529156684875,True
hjb2_d10000,seed3_r0,3,0,9000,0.0215869452804327,-0.007956409826874733,2815.37127161026,True
hjb2_d10000,seed4_r0,4,0,9000,0.018896616995334625,-0.00827647652477026,2812.9848761558533,True
hjb2_d10000,seed5_r0,5,0,9000,0.021553827449679375,-0.008246651850640774,2814.562495946884,True
hjb3_d10000,seed1_r0,1,0,9000,0.03525391221046448,-0.0014058350352570415,5066.0534381866455,True
hjb3_d10000,seed2_r0,2,0,9000,0.038189858198165894,-0.001337790279649198,10314.628238916397,True
hjb3_d10000,seed3_r0,3,0,9000,0.033382829278707504,-0.0012740964302793145,3952.7667605876923,True
hjb3_d10000,seed5_r0,5,0,9000,0.04007811099290848,-0.001287237275391817,3943.245773792267,True
hjb3_d10000,seed6_r0,6,0,9000,0.037787750363349915,-0.0013261351268738508,3941.8463010787964,True
hjb3_d2000_w2010,seed1_r0,1,0,6000,0.0545114204287529,-0.027580175548791885,246.90146255493164,True
hjb3_d2000_w2010,seed2_r0,2,0,6000,0.06794500350952148,-0.028629913926124573,252.32802152633667,True
hjb3_d2000_w2010,seed3_r0,3,0,6000,0.06905928999185562,-0.027811845764517784,245.69124293327332,True
hjb3_d2000_w2010,seed4_r0,4,0,6000,0.05716342106461525,-0.02715263143181801,280.27573347091675,True
hjb3_d2000_w2010,seed5_r0,5,0,6000,0.06321591138839722,-0.02976985275745392,248.35760140419006,True
hjb3_d2000_w10010,seed1_r0,1,0,6000,0.027366092428565025,-0.0007578619988635182,2585.3457493782043,True
hjb3_d2000_w10010,seed2_r0,2,0,6000,0.03141772747039795,-0.0007262923754751682,1790.8494606018066,True
hjb3_d2000_w10010,seed3_r0,3,0,6000,0.03162083774805069,-0.0006785905570723116,1789.2750313282013,True
hjb3_d2000_w10010,seed4_r0,4,0,6000,0.03993456810712814,-0.0007955932524055243,1789.7422502040863,True
hjb3_d2000_w10010,seed5_r0,5,0,6000,0.02975369431078434,-0.0008491140906699002,1790.8049001693726,True
complex_dynamics,seed1_r0,1,0,6000,0.006228391081094742,0.004380757454782724,3945.5342180728912,True
complex_dynamics,seed2_r0,2,0,6000,0.005660176742821932,0.004402286373078823,3946.1214320659637,True
complex_dynamics,seed3_r0,3,0,6000,0.006569485180079937,0.004357276950031519,3952.8546183109283,True
complex_dynamics,seed4_r0,4,0,6000,0.006054870784282684,0.0040786960162222385,3944.151743888855,True
complex_dynamics,seed5_r0,5,0,6000,0.00579014141112566,0.00434328056871891,3943.3997774124146,True
compare_df_hjb2,seed0_r0,0,0,10000,0.015195109881460667,-9.631288776290603e-06,6139.333757638931,True
compare_df_hjb2,seed2_r0,2,0,,,,,False
compare_df_hjb2,seed3_r0,3,0,,,,,False
compare_df_hjb2,seed4_r0,4,0,,,,,False
compare_df_hjb2,seed5_r0,5,0,,,,,False
compare_df_hjb3,seed0_r0,0,0,13000,0.01986941322684288,-7.705469761276618e-05,7996.8933980464935,True
compare_df_hjb3,seed2_r0,2,0,,,,,False
compare_df_hjb3,seed4_r0,4,0,,,,,False
compare_df_hjb3,seed5_r0,5,0,,,,,False
compare_df_hjb3,seed3_r0,3,0,,,,,False
scalar_control,seed1_r0,1,0,12000,0.017753977328538895,0.022144054993987083,4622.2859218120575,True
scalar_control,seed2_r0,2,0,12000,0.015484075993299484,0.026167962700128555,4617.051543474197,True
scalar_control,seed3_r0,3,0,12000,0.016011402010917664,0.023251337930560112,4620.207392692566,True
scalar_control,seed4_r0,4,0,12000,0.019385062158107758,0.027428021654486656,4632.009882211685,True
scalar_control,seed5_r0,5,0,12000,0.016346488147974014,0.015521913766860962,4614.923063993454,True
eps1,seed1_r0,1,0,6000,1.4417617321014404,,2411.036963701248,True
eps0p5,seed1_r0,1,0,6000,0.706611156463623,,2406.997444152832,True
eps0p25,seed1_r0,1,0,6000,0.3574408292770386,,2436.0042293071747,True
eps0p125,seed1_r0,1,0,6000,0.16911111772060394,,2410.5107555389404,True
eps0,seed1_r0,1,0,6000,0.01474766805768013,0.00042380113154649734,2411.4425840377808,True
rho_75,seed1_r0,1,0,6000,0.01057420577853918,0.004614998120814562,3926.913422346115,True
rho_75,seed2_r0,2,0,6000,0.00860994029790163,0.004473969805985689,3931.300549507141,True
rho_75,seed3_r0,3,0,6000,0.008519405499100685,0.004380337428301573,3927.319762468338,True
rho_75,seed4_r0,4,0,6000,0.01010624598711729,0.004152816720306873,3927.1491799354553,True
rho_75,seed5_r0,5,0,6000,0.010112938471138477,0.00486020976677537,3927.893793106079,True
rho_150,seed1_r0,1,0,6000,0.007830989547073841,0.0033887552563101053,3929.4807176589966,True
rho_150,seed2_r0,2,0,6000,0.0058817011304199696,0.003352135419845581,3966.6268887519836,True
rho_150,seed3_r0,3,0,6000,0.006657822523266077,0.002956648590043187,3928.951172351837,True
rho_150,seed4_r0,4,0,6000,0.006166569422930479,0.003089861012995243,3929.7261142730713,True
rho_150,seed5_r0,5,0,6000,0.007489349693059921,0.003595178946852684,3937.614108324051,True
rho_300,seed1_r0,1,0,6000,0.006595528684556484,0.0029064356349408627,3935.3156881332397,True
rho_300,seed2_r0,2,0,6000,0.006406968459486961,0.0029777309391647577,3937.954316854477,True
rho_300,seed3_r0,3,0,6000,0.006818481255322695,0.0027116320561617613,3945.299988269806,True
rho_300,seed4_r0,4,0,6000,0.00586280319839716,0.0027915851678699255,3929.1337146759033,True
rho_300,seed5_r0,5,0,6000,0.007366076111793518,0.003331853076815605,3935.3821771144867,True
rho_600,seed1_r0,1,0,6000,0.006768615450710058,0.0027936336118727922,3946.893616437912,True
rho_600,seed2_r0,2,0,6000,0.0055686128325760365,0.0027967230416834354,3947.750713825226,True
rho_600,seed3_r0,3,0,6000,0.006191247142851353,0.0025474042631685734,3947.710776567459,True
rho_600,seed4_r0,4,0,6000,0.0056062121875584126,0.0027059284038841724,3947.1354393959045,True
rho_600,seed5_r0,5,0,6000,0.005767713766545057,0.0032232035882771015,3987.785078763962,True
rho_1200,seed1_r0,1,0,6000,0.006269743666052818,0.0026984061114490032,4007.249589920044,True
rho_1200,seed2_r0,2,0,6000,0.005968048702925444,0.0027356031350791454,3977.679866552353,True
rho_1200,seed3_r0,3,0,6000,0.005962783005088568,0.002526393625885248,3964.9391102790833,True
rho_1200,seed4_r0,4,0,6000,0.005871664732694626,0.0026214136742055416,3972.1521186828613,True
rho_1200,seed5_r0,5,0,6000,0.0061765750870108604,0.002878129016608,3975.0390315055847,True
