s,hjb1_vT,hjb1_v0,hjb3a_vT,hjb3a_v0,hjb3b_vT,hjb3b_v0
-2.0,9.903512552223633,10.308818421296207,1.0997156953902694,0.6553501913251639,1.0997156953902694,0.6569069975551973
-1.96,9.863108168382785,10.282061385347061,1.096221458092112,0.6306382704022931,1.096221458092112,0.6303415967969921
-1.92,9.821870689863806,10.255131685367632,1.0912725925170321,0.6059780249499626,1.0912725925170321,0.6037513281118819
-1.88,9.77976503804511,10.228035132492485,1.084888330071611,0.5814714947191778,1.084888330071611,0.5772386338840481
-1.84,9.736753871083826,10.200778321844894,1.0770908315143681,0.5572236748278973,1.0770908315143681,0.5509104793730385
-1.8,9.692797384941716,10.173368698422385,1.0679051971795859,0.5333419330972312,1.0679051971795859,0.524878519146086
-1.76,9.647853092053122,10.145814627304594,1.0573594764406773,0.5099351461643008,1.0573594764406773,0.4992592498763808
-1.72,9.60187557455085,10.118125468280372,1.0454846767836459,0.4871124465698985,1.0454846767836459,0.47417413288303284
-1.68,9.554816208457916,10.090311654950764,1.0323147729023257,0.46498143280588494,1.0323147729023257,0.4497496619633095
-1.6400000000000001,9.506622854647135,10.062384778313193,1.0178867162717773,0.44364566048439313,1.0178867162717773,0.426117341009671
-1.6,9.457239511644788,10.034357674768216,1.0022404457046974,0.4232011813790909,1.0022404457046974,0.403413520296381
-1.56,9.406605924482147,10.006244518411444,0.9854188994482007,0.4037317044868522,0.9854188994482007,0.3817790183087219
-1.52,9.354657142744422,9.978060917377887,0.9674680294350193,0.38530181298883265,0.9674680294350193,0.36135842496579285
-1.48,9.301323019688054,9.949824013891488,0.9484368183641775,0.3679486613995333,0.9484368183641775,0.34229893840780085
-1.44,9.246527642737895,9.921552587537093,0.9283773003513727,0.3516743717805338,0.9283773003513727,0.32474852611321897
-1.4,9.19018868376533,9.89326716111322,0.9073445859585401,0.3364396534738695,0.9073445859585401,0.3088531150278809
-1.3599999999999999,9.132216655194604,9.864990108239688,0.8853968924846216,0.32215391794011017,0.8853968924846216,0.29475239528246333
-1.3199999999999998,9.07251405506878,9.836745761682822,0.8625955804746266,0.30865902350538743,0.8625955804746266,0.28257365580804883
-1.28,9.01097438057297,9.808560521121326,0.8390051974798064,0.29571327342065334,0.8390051974798064,0.27242284287291774
-1.24,8.947480984955748,9.780462958807469,0.8146935301758313,0.28298225694526746,0.8146935301758313,0.264371728054455
-1.2,8.881905747037438,9.752483921281609,0.7897316660143868,0.2700344516821736,0.7897316660143868,0.25843967723688704
-1.1600000000000001,8.814107515181597,9.724656624975136,0.7641940656411426,0.2563367800151986,0.7641940656411426,0.2545680272011604
-1.12,8.743930278240578,9.69701674319146,0.7381586473517112,0.24125140234519976,0.7381586473517112,0.25258453710651596
-1.08,8.671201003895586,9.669602481592529,0.711706884865721,0.22404502828087233,0.711706884865721,0.25215490189638445
-1.04,8.595727069070344,9.642454638948182,0.6849239196616382,0.20391793887859397,0.6849239196616382,0.25271815620234284
-1.0,8.517293186416572,9.615616649539177,0.6578986890091756,0.18004289450791533,0.6578986890091756,0.2534034847561733
-0.96,8.43565770343372,9.589134603257275,0.6307240706308153,0.15160059742535512,0.6307240706308153,0.25292841962240065
-0.9199999999999999,8.35054811400729,9.563057239136459,0.6034970445756451,0.11781967205866466,0.6034970445756451,0.24948410084683056
-0.8799999999999999,8.261655572291023,9.537435907801488,0.576318872336675,0.07804442465741757,0.576318872336675,0.24062407808810177
-0.8400000000000001,8.168628130440885,9.51232449816069,0.5492952924026118,0.031839330818271595,0.5492952924026118,0.2231906230952678
-0.8,8.071062326582059,9.487779323629846,0.5225367301891037,-0.020910179524495018,0.5225367301891037,0.19333605659891429
-0.76,7.9684926152213205,9.463858963286581,0.496158518478802,-0.07998860801150759,0.496158518478802,0.14671960899109615
-0.72,7.860377940103683,9.44062405365425,0.47028112188562554,-0.14493170750791523,0.47028112188562554,0.07896925491795301
-0.6799999999999999,7.74608446938658,9.418137027334721,0.44503035512699385,-0.21504894429989138,0.44503035512699385,-0.013520933145927942
-0.6399999999999999,7.6248630969869255,9.396461795480553,0.42053757959163673,-0.28933801743307225,0.42053757959163673,-0.1324519164912001
-0.5999999999999999,7.495819683088929,9.37566337214235,0.3969398552033742,-0.36644731217423065,0.3969398552033742,-0.27628088287968744
-0.56,7.357875027630733,9.355807439858864,0.374380014022724,-0.44478184940475407,0.374380014022724,-0.43906024369028024
-0.52,7.209710010720637,9.33695985747363,0.35300660715894405,-0.522640656573562,0.35300660715894405,-0.6100304613458375
-0.48,7.049688774870804,9.319186113041603,0.33297365563643766,-0.5982922275350753,0.33297365563643766,-0.7745183085594932
-0.43999999999999995,6.87574848284705,9.30255072678939,0.31444010639914743,-0.6701079663737359,0.31444010639914743,-0.9163933207454903
-0.3999999999999999,6.685236532436769,9.287116611345898,0.2975688531441629,-0.73676900339328,0.2975688531441629,-1.0217958695316993
-0.3599999999999999,6.474662003756498,9.272944398774444,0.2825251231890198,-0.7973420904455972,0.2825251231890198,-1.083216309108293
-0.32000000000000006,6.239300711012564,9.260091746197547,0.26947394905965183,-0.851211582289608,0.26947394905965183,-1.1025285408121914
-0.28,5.972536537222464,9.248612633878633,0.2585763269680675,-0.8980191109162455,0.2585763269680675,-1.0913190323823854
-0.24,5.664695085948154,9.238556671366815,0.24998349974056816,-0.9376565427350908,0.24998349974056816,-1.0674607843621282
-0.19999999999999996,5.300814246746623,9.229968428577777,0.24382856924447355,-0.9702426169473383,0.24382856924447355,-1.0488918246317076
-0.15999999999999992,4.855928904335274,9.222886809343576,0.24021431532209964,-0.9960508501752781,0.24021431532209964,-1.047270184722883
-0.11999999999999988,4.283586561860627,9.217344484910438,0.23919563672547195,-1.0155110249632398,0.23919563672547195,-1.0641786117599557
-0.08000000000000007,3.4812400893356936,9.213367404028121,0.2407543836579551,-1.0291679793491382,0.2407543836579551,-1.0914859381370041
-0.040000000000000036,2.1400661634962725,9.21097439463799,0.24476345576987857,-1.0374015898274058,0.24476345576987857,-1.1158438631916623
0.0,-0.6931471805599453,9.210176869766194,0.25093581572010615,-1.0402292501154498,0.25093581572010615,-1.1253359778033152
0.040000000000000036,2.1400661634962725,9.21097864715728,0.25875243790992464,-1.0375075491031447,0.25875243790992464,-1.115262107005376
0.08000000000000007,3.4812400893356936,9.213375888589507,0.2673611308406477,-1.0292401281069778,0.2673611308406477,-1.090500892688034
0.1200000000000001,4.283586561860631,9.217357160886642,0.275435719302355,-1.0154753300274684,0.275435719302355,-1.0632128084359496
0.16000000000000014,4.8559289043352765,9.22290361660055,0.2809826537622121,-0.9959118020873149,0.2809826537622121,-1.0468530007450731
0.20000000000000018,5.300814246746626,9.22998928841304,0.2810808919791711,-0.9699471513816414,0.2810808919791711,-1.0493509026284045
0.2400000000000002,5.664695085948156,9.238581487712507,0.27154368546799323,-0.9371664601842752,0.27154368546799323,-1.0685979290751573
0.28000000000000025,5.972536537222465,9.24864129473155,0.2465039121209267,-0.8975107428870851,0.2465039121209267,-1.09243320795657
0.31999999999999984,6.239300711012563,9.26012412523294,0.19796064276222836,-0.8509513534327338,0.19796064276222836,-1.1029437666610253
0.3599999999999999,6.474662003756498,9.272980357097037,0.11540841136603264,-0.7973047632246045,0.11540841136603264,-1.082734454665148
0.3999999999999999,6.685236532436769,9.287155999330446,-0.014154461486657444,-0.736600127116121,-0.014154461486657444,-1.0206024277936347
0.43999999999999995,6.87574848284705,9.30259338596402,-0.20521178818786767,-0.6695409815305371,-0.20521178818786767,-0.9147245459928268
0.48,7.049688774870804,9.319231877969852,-0.4705373808617398,-0.5974391427450161,-0.4705373808617398,-0.772547805850575
0.52,7.209710010720637,9.337008557595325,-0.8139594832738527,-0.5218071549633814,-0.8139594832738527,-0.6079442855938179
0.56,7.357875027630733,9.355858901255216,-1.216946276336034,-0.44414960903213485,-1.216946276336034,-0.43707937130218294
0.6000000000000001,7.49581968308893,9.375717419196615,-1.6189239638458388,-0.36599828782433425,-1.6189239638458388,-0.2745837014977483
0.6400000000000001,7.624863096986926,9.396518252411877,-1.8997263403039755,-0.2889534349758913,-1.8997263403039755,-0.13111126690297611
0.6800000000000002,7.746084469386581,9.418195719589018,-1.8917070375171865,-0.21461820044455604,-1.8917070375171865,-0.012519962445623412
0.7200000000000002,7.860377940103683,9.44068480914188,-1.4687626641711877,-0.1444219946594708,-1.4687626641711877,0.07968253386763378
0.7600000000000002,7.9684926152213205,9.463921613461988,-0.7251032419909796,-0.0794529725194653,-0.7251032419909796,0.14719723734959253
0.8000000000000003,8.071062326582059,9.487843704413065,-0.0901001106421847,-0.020430637116179463,-0.0901001106421847,0.1936263411566266
0.8399999999999999,8.168628130440885,9.512390450704542,-0.06778493777382433,0.03221883378396261,-0.06778493777382433,0.22334152928860976
0.8799999999999999,8.261655572291023,9.537503279111522,-0.6734861497613105,0.07833710297247082,-0.6734861497613105,0.24068020248626668
0.9199999999999999,8.35054811400729,9.563125882553043,-1.3764741504291536,0.11806971422929308,-1.3764741504291536,0.24948240117380008
0.96,8.43565770343372,9.589204378810994,-1.7665059551548246,0.1518444604699483,-1.7665059551548246,0.2528971488368217
1.0,8.517293186416572,9.615687424191723,-1.8660254037844388,0.18028550564331625,-1.8660254037844388,0.25336314969350804
1.04,8.595727069070344,9.64252628673143,-1.7665059551548246,0.20414290067028631,-1.7665059551548246,0.252682893831041
1.08,8.671201003895586,9.669674883658555,-1.3764741504291533,0.2242458750980037,-1.3764741504291533,0.2521338601995656
1.12,8.743930278240578,9.697089787785933,-0.6734861497613105,0.24144069287807146,-0.6734861497613105,0.2525831788974528
1.1600000000000001,8.814107515181597,9.724730207345955,-0.06778493777382433,0.2565252375175901,-0.06778493777382433,0.2545892432737254
1.2000000000000002,8.881905747037438,9.752557943533837,-0.09010011064218859,0.27021916650612327,-0.09010011064218859,0.258484639588316
1.2400000000000002,8.947480984955748,9.780537329714747,-0.7251032419909873,0.28315670450954045,-0.7251032419909873,0.2644404937395358
1.2800000000000002,9.01097438057297,9.808635155902941,-1.4687626641711944,0.29587569198790503,-1.4687626641711944,0.2725147614736689
1.3200000000000003,9.07251405506878,9.836820581754601,-1.8917070375171887,0.30881078396706013,-1.8917070375171887,0.2826876381415614
1.3599999999999999,9.132216655194604,9.865065040945892,-1.8997263403039755,0.32229725302942225,-1.8997263403039755,0.2948870892805242
1.4,9.19018868376533,9.89334213944567,-1.6189239638458388,0.3365780778751348,-1.6189239638458388,0.3090070208576028
1.44,9.246527642737895,9.92162754984684,-1.216946276336034,0.35181370099739684,-1.216946276336034,0.32492007163815306
1.48,9.301323019688054,9.949898903597498,-0.8139594832738526,0.36809554777901843,-0.8139594832738526,0.3424865285850873
1.52,9.354657142744422,9.978135682676472,-0.4705373808617398,0.38546003008233015,-0.4705373808617398,0.3615604739429097
1.56,9.406605924482147,10.006319111989473,-0.20521178818786767,0.40390074124773845,-0.20521178818786767,0.38199396993177026
1.6,9.457239511644788,10.034432053522563,-0.014154461486657333,0.4233783419289564,-0.014154461486657333,0.4036398608093646
1.6400000000000001,9.506622854647135,10.062458903078303,0.11540841136603264,0.44382836977580886,0.11540841136603264,0.4263536064830992
1.6800000000000002,9.554816208457918,10.09038549023581,0.19796064276222847,0.4651678243989315,0.19796064276222847,0.44999444217841694
1.7200000000000002,9.60187557455085,10.11819898201708,0.24650391212092715,0.48730114949796977,0.24650391212092715,0.474426072856492
1.7600000000000002,9.647853092053124,10.14588779060643,0.27154368546799346,0.5101252671091618,0.27154368546799346,0.49951704984334994
1.8000000000000003,9.692797384941716,10.1734414853556,0.2810808919791712,0.533533085961312,0.2810808919791712,0.5251409335671878
1.8399999999999999,9.736753871083826,10.20085070921163,0.2809826537622121,0.5574157861954271,0.2809826537622121,0.5511763153557337
1.88,9.77976503804511,10.228107099625998,0.2754357193023551,0.581664526880763,0.2754357193023551,0.5775067492863757
1.92,9.821870689863806,10.255203213939499,0.2673611308406477,0.6061718059022906,0.2673611308406477,0.6040206295105007
1.96,9.863108168382785,10.282132459186169,0.25875243790992464,0.630832454294087,0.25875243790992464,0.6306110374409017
2.0,9.903512552223633,10.308889026219177,0.25093581572010626,0.6555442889194627,0.25093581572010626,0.6571755753839035
