t,df_mean,df_sd
0.0,1.6570315599441527,0.1412587807252513
25.42250626566416,1.7266668633277351,0.3910612920480115
50.84501253132832,1.316313686669719,0.22574840989765957
76.26751879699248,1.1075912765024198,0.3175971712057275
101.69002506265664,0.9601068678498652,0.2729521199491198
127.11253132832081,0.8196900217329685,0.40090908467948333
152.53503759398495,0.9462038630101357,0.5678086995140023
177.95754385964912,0.7537279751100175,0.5482261493508476
203.3800501253133,0.7964211328195894,0.583844587545159
228.80255639097746,0.6725505508886747,0.5235019298107592
254.22506265664163,0.5371910633113953,0.46468892291688674
279.64756892230577,0.5735010766818966,0.44629234546666174
305.0700751879699,0.4842291070866862,0.3248653179671311
330.4925814536341,0.4430161040913839,0.345600412316662
355.91508771929824,0.37832344652588235,0.31668492752313643
381.33759398496244,0.24803197901394824,0.05503161742660419
406.7601002506266,0.434935979262998,0.30940796520066255
432.1826065162907,0.5353135074085034,0.22306502532421832
457.6051127819549,0.5453862768675702,0.1763993050780421
483.02761904761905,0.4492270069897211,0.12050360352218856
508.45012531328325,0.3476969379240241,0.09490368706804649
533.8726315789473,0.2743170946937511,0.025034649278219252
559.2951378446115,0.2692021601707678,0.07811684800320896
584.7176441102757,0.29418792895252444,0.07461831330540733
610.1401503759398,0.3078017879883533,0.0763315567503775
635.562656641604,0.24599079430278148,0.03754211906457984
660.9851629072682,0.2490538806713592,0.051999682647209354
686.4076691729324,0.2550546661321668,0.06506836087236839
711.8301754385965,0.30334572968001516,0.11970532111266073
737.2526817042607,0.2304818001135156,0.05080734572462628
762.6751879699249,0.2570670919253734,0.056965139739803494
788.097694235589,0.2064652655551324,0.01651876058544785
813.5202005012532,0.20649371724650883,0.043100362667301925
838.9427067669174,0.23226723434878221,0.029604311770943834
864.3652130325814,0.2398171415418072,0.04988245539091526
889.7877192982456,0.22517434085925556,0.037332084294303916
915.2102255639098,0.2553031757570601,0.08064408502317888
940.6327318295739,0.22233398574743773,0.0423206896626748
966.0552380952381,0.2094322157230387,0.04119598626263085
991.4777443609023,0.17837800013427718,0.02885499422817544
1016.9002506265665,0.18884207155470206,0.03211464016759811
1042.3227568922307,0.17107249760576193,0.02599147600478544
1067.7452631578947,0.1638165626107188,0.03265058813950784
1093.1677694235589,0.1699304912522654,0.03467782829776885
1118.590275689223,0.20478967253638486,0.05547441193253124
1144.0127819548873,0.1639410678766739,0.02113916880543029
1169.4352882205515,0.17978592083284656,0.009961897874377325
1194.8577944862157,0.17849649287619224,0.04189778329922061
1220.2803007518796,0.1395215254750675,0.03538186054193123
1245.7028070175438,0.24046599833743215,0.15578025797464054
1271.125313283208,0.18790922079846678,0.07266561284285868
1296.5478195488722,0.1548250262169037,0.03345217695019069
1321.9703258145364,0.19709546528810845,0.019396439963477365
1347.3928320802006,0.1565059690730899,0.037647453736414746
1372.8153383458648,0.13001957377780063,0.02474975052260888
1398.2378446115288,0.12572606230961214,0.04181295121619631
1423.660350877193,0.12984635046427812,0.01336438380954821
1449.0828571428572,0.11791336155938939,0.01901975799343534
1474.5053634085214,0.12470667740726722,0.04928272205608349
1499.9278696741856,0.11183733561447735,0.028824428643292294
1525.3503759398498,0.143647888483648,0.0832803139752368
1550.7728822055137,0.1040665521569277,0.013006530685902807
1576.195388471178,0.13208460647260561,0.04294765072174908
1601.6178947368421,0.10977835802519939,0.021008328542509367
1627.0404010025063,0.22592759899888265,0.09754135867688823
1652.4629072681705,0.12311361709924984,0.015077378432945742
1677.8854135338347,0.09993618592637124,0.007230763281464745
1703.307919799499,0.09634861022181077,0.015558083583007564
1728.7304260651629,0.08853917927246305,0.020723175208554018
1754.152932330827,0.09653498790317427,0.017493541389799284
1779.5754385964913,0.10544244309025168,0.03575826822177811
1804.9979448621555,0.12567969295909873,0.014188848767251402
1830.4204511278197,0.09228912534799753,0.018224896250394806
1855.8429573934839,0.10929970261976092,0.021695665991274378
1881.2654636591478,0.09996204748582986,0.01342241911968124
1906.687969924812,0.1073682177290685,0.041666902289308395
1932.1104761904762,0.10247757158761402,0.033198275293278304
1957.5329824561404,0.13973151930471533,0.06320359064387604
1982.9554887218046,0.09402158243559758,0.03358477541390819
2008.3779949874688,0.1042884181745247,0.029972755125838534
2033.800501253133,0.09897687692259806,0.024219725992007817
2059.223007518797,0.12033937020608625,0.03792679777829272
2084.6455137844614,0.09304109756372857,0.020617661979677293
2110.0680200501256,0.1004232889440025,0.020678935918560622
2135.4905263157893,0.07884915785599518,0.01904331905069785
2160.9130325814535,0.07634897548185292,0.01888997652326531
2186.3355388471177,0.08303283786134673,0.0335843283801465
2211.758045112782,0.07462281541886946,0.01726591423141713
2237.180551378446,0.06942935030594566,0.013798307538798998
2262.6030576441103,0.08864686204593582,0.03391446272405504
2288.0255639097745,0.103310045765898,0.030671367107212646
2313.4480701754387,0.09569732907925459,0.03154430600952473
2338.870576441103,0.11104591467540417,0.09755543833029992
2364.293082706767,0.07158063709975623,0.014725173989261655
2389.7155889724313,0.07493217104189695,0.011149645780172685
2415.1380952380955,0.06856782634100753,0.011989175225217722
2440.5606015037592,0.0833922058025381,0.022700338831774112
2465.9831077694234,0.0764141358097397,0.011879380535132463
2491.4056140350876,0.12710963212787668,0.025784568516295882
2516.828120300752,0.07614841453611335,0.011680922446346314
2542.250626566416,0.08495159839711999,0.020846248682227623
2567.6731328320802,0.06518662902915986,0.013908572532595198
2593.0956390977444,0.07372080788489073,0.008973961883521045
2618.5181453634086,0.07595787582187107,0.0186106200504241
2643.940651629073,0.06129178642854777,0.013357720753578882
2669.363157894737,0.0693517900591414,0.0135003513228552
2694.785664160401,0.07074515361103403,0.01266448841742151
2720.2081704260654,0.06122567490538685,0.015775343838465176
2745.6306766917296,0.08068998978059816,0.04200126860654994
2771.0531829573933,0.06108284606449451,0.018126384605042085
2796.4756892230575,0.06621389001575555,0.011271672463085587
2821.8981954887217,0.07072966189625197,0.01960454853699878
2847.320701754386,0.08025202811018131,0.02975795317572102
2872.74320802005,0.07949799413374072,0.02775845439661194
2898.1657142857143,0.06549128662959061,0.028902038466305197
2923.5882205513785,0.05542067579244851,0.012130466809663053
2949.0107268170427,0.0561106859756504,0.011316731462886778
2974.433233082707,0.07435327434725499,0.017996434107260106
2999.855739348371,0.05706974123520573,0.022784483230842652
3025.2782456140353,0.06246047570239164,0.018838640430182574
3050.7007518796995,0.05621547528755392,0.010868043745535011
3076.1232581453637,0.06980504362776822,0.01946278403632905
3101.5457644110274,0.06081062267510266,0.019024249352357844
3126.9682706766916,0.06314289069264782,0.01705640786144156
3152.390776942356,0.05470600904449665,0.013730163591493287
3177.81328320802,0.05443446499332237,0.016399410463502774
3203.2357894736842,0.05688139440420772,0.013603298739617851
3228.6582957393484,0.05084129223145305,0.007875780640611604
3254.0808020050126,0.061783968615355345,0.017983088618489598
3279.503308270677,0.05389627808352163,0.008629657621428845
3304.925814536341,0.04977619658100398,0.010982939254995465
3330.348320802005,0.08390323520209217,0.022100678610399962
3355.7708270676694,0.060279083913176844,0.016158297853375705
3381.1933333333336,0.05648445362334884,0.012858365573171495
3406.615839598998,0.05250983075115977,0.012508117060458986
3432.0383458646616,0.05555973216496178,0.021230811556315964
3457.4608521303257,0.05130560927731727,0.012129618743792382
3482.88335839599,0.05954579879522186,0.007544893948685977
3508.305864661654,0.044583170930976114,0.0064325166260854865
3533.7283709273183,0.04835885622048926,0.009076238527782053
3559.1508771929825,0.05599355422659289,0.016966181386039215
3584.5733834586467,0.061041744460022584,0.028796319175241482
3609.995889724311,0.0510925239945353,0.01004318207065877
3635.418395989975,0.04561434433362087,0.008629641853916622
3660.8409022556393,0.04494686964112131,0.008750855736223256
3686.2634085213035,0.05562602108007299,0.01243265263873136
3711.6859147869677,0.049833673331004955,0.012738147829850655
3737.108421052632,0.05336940643361526,0.011937435037874353
3762.5309273182957,0.045236340596580105,0.006797640464900557
3787.95343358396,0.05165521431350597,0.00949569517414231
3813.375939849624,0.06236564593425403,0.01658703066426261
3838.7984461152882,0.05074259971129678,0.012493929263342913
3864.2209523809524,0.04345692026834286,0.005881172215127654
3889.6434586466166,0.0458457673418504,0.00526451113606923
3915.065964912281,0.0415276314689361,0.006592434097822963
3940.488471177945,0.04118953970334741,0.008355818654467544
3965.910977443609,0.04452333291635601,0.004699482282749735
3991.3334837092734,0.04240797839096932,0.005968869806605168
4016.7559899749376,0.05269110955043084,0.008522690141829704
4042.178496240602,0.042784309208263496,0.00321435474113486
4067.601002506266,0.05530564257064927,0.030370745782883072
4093.0235087719298,0.04259927919018786,0.005986072713051268
4118.446015037594,0.04029840078769625,0.00482386033480082
4143.868521303259,0.042048997035612046,0.004469069824034613
4169.291027568923,0.04777391144857442,0.007223120643120244
4194.713533834587,0.04077200793304593,0.004938406486403065
4220.136040100251,0.04564358503336428,0.005649209733956139
4245.5585463659145,0.03981584600792158,0.005820204710763795
4270.981052631579,0.04149279060837098,0.007573353640384923
4296.403558897243,0.03990674048486119,0.006077578375545157
4321.826065162907,0.040827191610999354,0.004453400970548864
4347.248571428571,0.03918398538972655,0.007829181883731943
4372.6710776942355,0.04254248964610232,0.011782844648502868
4398.0935839599,0.04069951873377502,0.010817498363022713
4423.516090225564,0.03812490895092883,0.006164434019551031
4448.938596491228,0.04005145484416787,0.004435121064812333
4474.361102756892,0.03682187947314345,0.005164322591277435
4499.783609022556,0.05118939958479363,0.006556653301711535
4525.206115288221,0.04100641657600642,0.005538663420970836
4550.628621553885,0.039115819262205226,0.004780646540702371
4576.051127819549,0.036693627217123284,0.003368947674883964
4601.473634085213,0.042655312872093155,0.005531645962687633
4626.896140350877,0.0391771522025983,0.003986332563409846
4652.318646616542,0.03636657934960142,0.004320283777141634
4677.741152882206,0.0367084309291522,0.003026656130064993
4703.16365914787,0.037431940379273554,0.003042090654876544
4728.586165413534,0.03775063686884962,0.0028913697765452838
4754.008671679198,0.04219255881445898,0.007030590213197219
4779.431177944863,0.03993318907260502,0.006077971260608698
4804.853684210527,0.03588517577068977,0.003996113005952768
4830.276190476191,0.037940740750748256,0.003869480966681732
4855.698696741855,0.03464278975624223,0.0037619545972286464
4881.1212030075185,0.03572163099441148,0.005293891803421059
4906.543709273183,0.03748917802089921,0.0044454072451633395
4931.966215538847,0.034281678402319535,0.0029235928189716475
4957.388721804511,0.03617895712969931,0.004383978524600613
4982.811228070175,0.03576258726830232,0.004470673129510653
5008.2337343358395,0.03422077761357951,0.0028488947987564367
5033.656240601504,0.03386195700734472,0.0034549110167069533
5059.078746867168,0.03224895806499945,0.002415910933751036
5084.501253132832,0.03408459968857266,0.004132455694569812
5109.923759398496,0.0338691947992184,0.0016042596796303871
5135.3462656641605,0.03549398850805492,0.004860208203374564
5160.768771929825,0.03546164603281383,0.0052550461540150405
5186.191278195489,0.03286327308111696,0.0027283834015457277
5211.613784461153,0.03502791095929645,0.0033289012306738524
5237.036290726817,0.03137266551482655,0.003112751531554469
5262.458796992481,0.031401456872206246,0.0024021218679047447
5287.881303258146,0.03597777782935589,0.004249724016341864
5313.30380952381,0.032041511181324124,0.00298522699284305
5338.726315789474,0.033061670721211564,0.0019697046569859683
5364.148822055138,0.03163979229123121,0.002319428772599072
5389.571328320802,0.034384607179399465,0.003993255466200143
5414.993834586467,0.03188001505807419,0.003219784959297815
5440.416340852131,0.031464635830158676,0.003194099509573335
5465.838847117795,0.03303297195849893,0.0036847717680568415
5491.261353383459,0.03202626217857387,0.003414539574874304
5516.683859649123,0.031190415273493283,0.0030596632488354212
5542.106365914787,0.032127060340245005,0.0034775314958118766
5567.528872180451,0.03132203995475625,0.003210223046150674
5592.951378446115,0.034250641760893576,0.0038720349055856185
5618.373884711779,0.03173524123737588,0.0028212607635908255
5643.7963909774435,0.033002618657333206,0.00446915786598003
5669.218897243108,0.03090305428898965,0.002378103209083934
5694.641403508772,0.03102635188618728,0.0024941691688633114
5720.063909774436,0.03277625434826974,0.0017028949746534393
5745.4864160401,0.03201707433318683,0.002954252246187735
5770.9089223057645,0.03096968971340907,0.0028149576153781793
5796.331428571429,0.033699217010682465,0.003146373239903685
5821.753934837093,0.03193168995429877,0.0032161213195886825
5847.176441102757,0.03246820045567968,0.0016103981452539912
5872.598947368421,0.03272880655794458,0.0032517866311877427
5898.021453634085,0.03289897093247367,0.003142755316500714
5923.44395989975,0.031877936829899714,0.0036299748740920407
5948.866466165414,0.03295069955562523,0.0050465468350641045
5974.288972431078,0.03160702110593939,0.003331902525387153
5999.711478696742,0.03157407216311646,0.003525547889916143
6025.133984962406,0.03069405203841417,0.0025584958652022727
6050.556491228071,0.030543444284252475,0.003329300850192921
6075.978997493735,0.029608464036094833,0.001975711496960411
6101.401503759399,0.030529475771169285,0.0012500711784553583
6126.824010025063,0.03245607361363775,0.0019778083785529955
6152.246516290727,0.029919460278572767,0.0024028207186948284
6177.669022556392,0.030857051687802856,0.0021563926287478264
6203.091528822055,0.03270482517419981,0.004458267063782987
6228.514035087719,0.03053953789368321,0.0023434392492887907
6253.936541353383,0.03015064346996048,0.0013681276519648153
6279.3590476190475,0.031004781460007586,0.002632561334054853
6304.781553884712,0.030386471207194916,0.001607695391584245
6330.204060150376,0.031166707050357456,0.001379257105384821
6355.62656641604,0.02963264070836926,0.0024685012767556524
6381.049072681704,0.03181606519608325,0.002547943137880444
6406.4715789473685,0.029840955277768623,0.0016970767313924902
6431.894085213033,0.029193222267394903,0.002561900029078988
6457.316591478697,0.03395929333377906,0.0035975113260685062
6482.739097744361,0.030457796226514965,0.0033570014479380704
6508.161604010025,0.02981156522920802,0.0021752814864475093
6533.584110275689,0.029942818924792124,0.002645889708582424
6559.006616541354,0.02949505942539729,0.0020695781284743664
6584.429122807018,0.02892254512798146,0.0016778207426768924
6609.851629072682,0.028781821954493376,0.0016473673444773569
6635.274135338346,0.030068901125869185,0.0021506348248785277
6660.69664160401,0.028567992674694554,0.001930290361898639
6686.119147869675,0.03371287721770978,0.008619368789132454
6711.541654135339,0.028353345546248625,0.002617339292621328
6736.964160401003,0.02863347644914558,0.0014068477365334958
6762.386666666667,0.02907198136897012,0.0018902613364350613
6787.809172932331,0.029951882278269774,0.0027181856523684207
6813.231679197996,0.027825455390138303,0.0024889146271854672
6838.654185463659,0.02751033913931695,0.0017542394475465724
6864.076691729323,0.02699307851888801,0.0019402910517677687
6889.499197994987,0.027940204725961416,0.002197508819403695
6914.9217042606515,0.027250282881496574,0.0015311024296618106
6940.344210526316,0.02733135537690612,0.001568067973243011
6965.76671679198,0.027755047596494553,0.0018139269819754122
6991.189223057644,0.027633309082273138,0.0016433130911968255
7016.611729323308,0.027960964214675078,0.0017780808025085512
7042.0342355889725,0.026960904135006514,0.0014300993320936412
7067.456741854637,0.026727646959724037,0.001800004114180695
7092.879248120301,0.026497828345226786,0.0016149747222131557
7118.301754385965,0.028227588987025286,0.0018242324221766702
7143.724260651629,0.026765274080301587,0.002057927325579283
7169.1467669172935,0.026672946937932752,0.0012241643898783176
7194.569273182958,0.026365091304075588,0.0017640229853074952
7219.991779448622,0.026403375531353617,0.001547161684592173
7245.414285714286,0.026085331561131277,0.001863064797707219
7270.83679197995,0.026158664009681382,0.001693621047598706
7296.259298245614,0.027199448373775463,0.0033454050600058376
7321.681804511279,0.026617694478047148,0.0017772362180102743
7347.104310776943,0.02576822524044216,0.001643287775083568
7372.526817042607,0.02548575199272462,0.0021480278680794038
7397.949323308271,0.02570508600205073,0.0017354057451630161
7423.371829573935,0.02594469095751186,0.0019191566632371772
7448.7943358396,0.026187490030549283,0.0018218768779021126
7474.216842105264,0.025541499091608612,0.002100215592528363
7499.639348370927,0.02621316394863298,0.0025797754239832546
7525.061854636591,0.0256787280407355,0.0023827872874098606
7550.4843609022555,0.026441121879393244,0.0023591412737149083
7575.90686716792,0.025774181565589072,0.0025021246904486085
7601.329373433584,0.025625069151534376,0.0017417563091815837
7626.751879699248,0.025504428640577014,0.002024674831704707
7652.174385964912,0.025807360016134862,0.002215265301399856
7677.5968922305765,0.02475012644070174,0.002274424124515758
7703.019398496241,0.024927789180378267,0.00234692246807249
7728.441904761905,0.025694460580362916,0.0023431123915168928
7753.864411027569,0.025509250609981115,0.0022448127324340215
7779.286917293233,0.025433953546076866,0.001840821632431581
7804.7094235588975,0.02580786490085804,0.0019576261218129574
7830.131929824562,0.025047283566250123,0.002231180991605375
7855.554436090226,0.0267667525196857,0.0028356690761294173
7880.97694235589,0.02486740972816456,0.0020003548763738114
7906.399448621554,0.025353605248493966,0.0022483648989978806
7931.821954887218,0.026335859999047927,0.002082284644865524
7957.244461152883,0.025578377232754274,0.0016773047657848183
7982.666967418547,0.02512537048642734,0.00233170460975872
8008.089473684211,0.024516256149760978,0.002020263758524433
8033.511979949875,0.024783918424745355,0.002257163980217954
8058.934486215539,0.02500824607859506,0.002309335892637794
8084.356992481204,0.024760178867333667,0.0024874107483798505
8109.779498746868,0.02530778366731179,0.0022968027860303625
8135.202005012532,0.025018955444306917,0.002112976524143977
8160.624511278195,0.025253936343829043,0.0017712643974330247
8186.0470175438595,0.024779868598512375,0.0026013759601398183
8211.469523809525,0.025164186116197272,0.002397095248871128
8236.892030075189,0.025331556710973785,0.0017516554273198316
8262.314536340853,0.024173938345194552,0.0019440028662477897
8287.737042606517,0.024422173125989006,0.0022984944152227836
8313.159548872181,0.024690591923151907,0.002228940606577879
8338.582055137846,0.024817154851823047,0.0016724461257888465
8364.00456140351,0.024737843239882366,0.002546295294006357
8389.427067669174,0.024298824024828546,0.0019829164634639507
8414.849573934838,0.023857601165526286,0.002459497372765038
8440.272080200502,0.023955818162417528,0.0026103348311867416
8465.694586466165,0.02402997610991032,0.002552211222472945
8491.117092731829,0.024000555223152732,0.0026583334296247274
8516.539598997493,0.024608050881476128,0.002404060453604562
8541.962105263157,0.024566304745664215,0.0028361656173221754
8567.384611528822,0.024380311677819056,0.001897602158036426
8592.807117794486,0.02364610821311787,0.00273717528652822
8618.22962406015,0.02317364276467822,0.0027040660928301513
8643.652130325814,0.02392055311656118,0.003230271634452853
8669.074636591478,0.024049312757648676,0.0034367623895679546
8694.497142857143,0.024482911179263774,0.002649536877321478
8719.919649122807,0.02392375994003254,0.0022224497266863062
8745.342155388471,0.023532289542205605,0.002339908341117142
8770.764661654135,0.023703781819551684,0.003014897040793818
8796.1871679198,0.02337062119828819,0.0024793490499892064
8821.609674185464,0.023642362512338273,0.002804136147630077
8847.032180451128,0.02260217435726864,0.0026380750216048075
8872.454686716792,0.02262364072205231,0.0025872987371636552
8897.877192982456,0.023371221244403207,0.0017709845755746936
8923.29969924812,0.023223269966917103,0.0019352513912876846
8948.722205513785,0.02280250447250868,0.002457034714363904
8974.144711779449,0.022987865321874933,0.0023886309358593983
8999.567218045113,0.022864198242102063,0.002236655059994972
9024.989724310777,0.023478910709963757,0.0015985675821422473
9050.412230576441,0.022745020759241976,0.0024864348868148195
9075.834736842105,0.022851541722273265,0.0026980315051837035
9101.25724310777,0.02267842854532364,0.002648456262182662
9126.679749373434,0.022325180784659206,0.0022139299517889535
9152.102255639098,0.022599799987834304,0.002213304232723233
9177.524761904762,0.022605861447620664,0.0024195992358937626
9202.947268170426,0.022473413892572125,0.002480832114507111
9228.36977443609,0.022817718022211032,0.0019959664476747224
9253.792280701755,0.02232835633016296,0.002388965274406055
9279.214786967419,0.022097215766816832,0.002335611095351871
9304.637293233083,0.0221805359731615,0.002522273028267517
9330.059799498747,0.021923845627275458,0.002608230268396543
9355.482305764412,0.022461640718949655,0.0024044946811430106
9380.904812030076,0.022858892821789312,0.0025355329162912495
9406.32731829574,0.022952404190599168,0.0018061484416004657
9431.749824561404,0.022134273840830068,0.002218705542708174
9457.172330827068,0.022211807593969346,0.0019984374231765555
9482.594837092733,0.0224302088401146,0.0024794848556840246
9508.017343358397,0.0228366721048305,0.0019352590767319254
9533.439849624061,0.022498473217434277,0.0020714856410782236
9558.862355889725,0.022351733525245856,0.002064089546261882
9584.28486215539,0.02212658609477195,0.0021034386548357546
9609.707368421054,0.022162289163506245,0.0019842470566564232
9635.129874686718,0.022160624390911023,0.002456669795780612
9660.552380952382,0.022167409467185407,0.001800306482858834
9685.974887218046,0.02172693383101836,0.0020630241647486246
9711.39739348371,0.02179067324276441,0.002089310523551223
9736.819899749375,0.021975565495971114,0.0023657739201661215
9762.242406015037,0.022068385291062108,0.0021663820643529506
9787.664912280701,0.021724453328619213,0.0020721662651999066
9813.087418546365,0.0216879251680594,0.002047369021583788
9838.50992481203,0.022171079585661203,0.0022550631014221687
9863.932431077694,0.02257435588367827,0.0022831837417862755
9889.354937343358,0.022025661358369295,0.0017510957442089712
9914.777443609022,0.02163277788227905,0.0019549975072595954
9940.199949874686,0.02225861281104157,0.002037166131199411
9965.62245614035,0.02174782559040541,0.0018515482202895808
9991.044962406015,0.022045368595014943,0.0023751597923755653
10016.467468671679,0.0217056293167981,0.0016955488877682626
10041.889974937343,0.021419877007282484,0.0018131119717599005
10067.312481203007,0.02165877739288067,0.001691355308481217
10092.734987468672,0.021578040069306744,0.0015878575695882173
10118.157493734336,0.0213903076017545,0.0017968143433540421
10143.58,0.02136722058057782,0.002064139601765929
