t,reference_mean,reference_sd
0.0,11.483087000000001,0.9978031072350896
29.587967418546366,1.8964489840646919,0.08989304937663645
59.17593483709273,1.2632626345397786,0.2723457371968271
88.7639022556391,0.9790843878992064,0.24337386990761237
118.35186967418547,0.8703252315326196,0.157127723699326
147.93983709273184,0.8068019624106773,0.09611748775220316
177.5278045112782,0.8225688229901931,0.13666472417226347
207.11577192982458,0.7580412022954685,0.08083570610905119
236.70373934837093,0.7453392692969023,0.069673239387517
266.2917067669173,0.7173791572881868,0.05602973256455345
295.87967418546367,0.7449862035061108,0.08407214427760912
325.46764160401005,0.6796215103430252,0.043165646365277935
355.0556090225564,0.6661713489998272,0.04949750692523173
384.64357644110277,0.6563288540699966,0.04245763767410214
414.23154385964915,0.6520996276716088,0.05358075291621574
443.8195112781955,0.6385520110116545,0.04483888279034271
473.40747869674186,0.6225127652293312,0.045451957684679155
502.99544611528825,0.6138988282994606,0.04814073273071078
532.5834135338346,0.6030924558364117,0.056082184650791206
562.171380952381,0.6011594339979867,0.046437641395646115
591.7593483709273,0.6141881360505077,0.041266093903244046
621.3473157894737,0.6031087248302741,0.04654458663313352
650.9352832080201,0.5969705436927765,0.039652876538103024
680.5232506265664,0.6244032096197586,0.07236896800268384
710.1112180451128,0.6029971724580319,0.061931119658151255
739.6991854636592,0.6298372078654908,0.0578420566248443
769.2871528822055,0.6064038466697619,0.05483251095993997
798.8751203007519,0.609769960042018,0.04198209222546979
828.4630877192983,0.5979365857787025,0.04849188893450243
858.0510551378446,0.6009948271183918,0.03632081657788197
887.639022556391,0.5966124009708066,0.033603816620435066
917.2269899749374,0.6122395755208363,0.04907986168168898
946.8149573934837,0.6036530448065761,0.0527886556390138
976.40292481203,0.6015325466641841,0.06366484450406146
1005.9908922305765,0.5762299404499313,0.06372870158181142
1035.578859649123,0.597697085151331,0.06476964441121677
1065.1668270676691,0.5758847362090597,0.06327257939503135
1094.7547944862156,0.5510904267806115,0.05716037150889826
1124.342761904762,0.59268745954476,0.10192131904076729
1153.9307293233082,0.5449940165133316,0.051332585736272356
1183.5186967418547,0.552056775485519,0.04690697912657769
1213.1066641604011,0.5573930729721268,0.039509711997386336
1242.6946315789473,0.5584802779419713,0.0581114668505213
1272.2825989974938,0.5261844014967785,0.05287899102511586
1301.8705664160402,0.5122108750032927,0.06338830916429859
1331.4585338345864,0.5078628996576551,0.055363136376046715
1361.0465012531329,0.49132239651624376,0.048762277317414206
1390.6344686716793,0.5101540668158873,0.058618213270093304
1420.2224360902255,0.4957340034998229,0.043013484428029186
1449.810403508772,0.50869356536885,0.0464171197737815
1479.3983709273184,0.46427545928973324,0.043401502127514105
1508.9863383458646,0.4599944094178007,0.04267501099803911
1538.574305764411,0.46236712598350616,0.0553694930897804
1568.1622731829575,0.500368032116923,0.04736582474620283
1597.7502406015037,0.44057192656450733,0.03296452364963317
1627.3382080200502,0.46654321006989374,0.04723300707061712
1656.9261754385966,0.4161158974535365,0.03222462371171951
1686.5141428571428,0.4047764848214176,0.032087128533757954
1716.1021102756893,0.4030006639803661,0.05934370786012558
1745.6900776942357,0.37268357387897294,0.042559381967887444
1775.278045112782,0.38615451298238435,0.05237609717956526
1804.8660125313284,0.4113875935168235,0.04388833379182852
1834.4539799498748,0.38701427572862357,0.07024150428421298
1864.041947368421,0.34696588453635574,0.05591864484253998
1893.6299147869674,0.38597180584222385,0.03283598890146642
1923.217882205514,0.32974397503478964,0.02874719751417072
1952.80584962406,0.31233057785348456,0.0237664961032311
1982.3938170426065,0.3034442558815514,0.022415185031142915
2011.981784461153,0.30863502482667926,0.06280844461447695
2041.5697518796992,0.3088055885542723,0.04256247933818351
2071.157719298246,0.27664111353299997,0.020763433306016637
2100.745686716792,0.3248509656660782,0.036901921642572014
2130.3336541353383,0.28812753485131737,0.024805749002989333
2159.921621553885,0.25711795977632046,0.012143881454257958
2189.509588972431,0.26219649412449997,0.029079981178286345
2219.0975563909774,0.23372787961309474,0.010130131986853414
2248.685523809524,0.23430145697596902,0.011478525967906585
2278.2734912280703,0.2453824311453984,0.02486902649467275
2307.8614586466165,0.2503614189371126,0.017651422258828188
2337.449426065163,0.24538759323801945,0.035969705331944164
2367.0373934837094,0.2670840981742286,0.025444573352156663
2396.6253609022556,0.25489090856076296,0.02879734678420516
2426.2133283208022,0.22945367020877008,0.02133181744260248
2455.8012957393485,0.22077662773620213,0.04058348656475477
2485.3892631578947,0.20433226996812462,0.03589031078887537
2514.9772305764413,0.19877654814415302,0.021218878690260835
2544.5651979949876,0.26440459621028484,0.04535986141769107
2574.1531654135338,0.20319186537807088,0.022310822507921626
2603.7411328320804,0.18288591361230322,0.01899342042422079
2633.3291002506267,0.16706852444571912,0.014744080805170976
2662.917067669173,0.18369447056900556,0.012732606913005205
2692.5050350877195,0.18891151940535614,0.034899582503174945
2722.0930025062657,0.17621647508557725,0.01582347437543646
2751.680969924812,0.19494380533148686,0.04305952475945648
2781.2689373433586,0.1685000963433419,0.00585801557446769
2810.856904761905,0.16228853596650797,0.008755516029325621
2840.444872180451,0.1556696972715713,0.004513797092711915
2870.0328395989977,0.15368389141731367,0.009175050434518479
2899.620807017544,0.1576691242309506,0.013646733243722821
2929.20877443609,0.16471648451192894,0.007368868268389421
2958.796741854637,0.14276901220876953,0.007072430138777575
2988.384709273183,0.1663835243746948,0.015207179743068138
3017.9726766917292,0.16135729602957938,0.029964284810918118
3047.560644110276,0.14997341776777037,0.0072741748780719186
3077.148611528822,0.14770755599418944,0.01942209153925037
3106.7365789473683,0.1416019502603026,0.012020408691990761
3136.324546365915,0.1515851860494985,0.007659086412841871
3165.912513784461,0.14221016203085193,0.014467237891929755
3195.5004812030074,0.1396859038301213,0.01279905932081462
3225.088448621554,0.13640442709322087,0.00700127953527734
3254.6764160401003,0.16261430535874405,0.03362729220498814
3284.2643834586465,0.1267158936144141,0.008103745439430562
3313.852350877193,0.12441028392281858,0.010714385657497712
3343.4403182957394,0.1416112992740183,0.03576261031956804
3373.0282857142856,0.12769350888379785,0.008268799764819134
3402.6162531328323,0.13030747367208312,0.027147696974367676
3432.2042205513785,0.11925972083203773,0.0016161819741389526
3461.7921879699247,0.16968599505145562,0.07022754906501075
3491.3801553884714,0.1334960155224283,0.009782827971610047
3520.9681228070176,0.12175624198587989,0.009696352981062348
3550.556090225564,0.11827635017969465,0.005463139530727839
3580.1440576441105,0.11271074786269804,0.005368325567193679
3609.7320250626567,0.11419416729030678,0.006355520317937655
3639.319992481203,0.10812539365180232,0.006723612403479174
3668.9079598997496,0.10651613337510706,0.009842326775174565
3698.495927318296,0.15483963318547622,0.07117429440421633
3728.083894736842,0.11886555448618596,0.009964115836023251
3757.6718621553887,0.10723100207960481,0.0031288678734742
3787.259829573935,0.10666782711264153,0.009655876253549798
3816.847796992481,0.10612965812575917,0.012510893994323114
3846.435764411028,0.10511995319045694,0.0059679336916262935
3876.023731829574,0.10764905184978302,0.009104486582321545
3905.61169924812,0.11370878877899704,0.012313404456184457
3935.199666666667,0.10787986020458487,0.011973460532244566
3964.787634085213,0.10367945336128086,0.007453907344459107
3994.3756015037593,0.10272935663784895,0.010769989415159104
4023.963568922306,0.09884162124777321,0.0014508329860134115
4053.551536340852,0.09785179673762347,0.002017851785085579
4083.1395037593984,0.09929587202936366,0.01165662256433905
4112.727471177945,0.10163449268733463,0.0026134862230394983
4142.315438596492,0.0963209613258442,0.003012200421529953
4171.903406015038,0.09586613876849678,0.00759832073965996
4201.491373433584,0.09460873807855694,0.006922869484581778
4231.07934085213,0.09200686797744423,0.009035302647060877
4260.667308270677,0.0944761742103952,0.008709431340101674
4290.255275689223,0.09261430742358893,0.004234925951289162
4319.84324310777,0.09870243616832526,0.014067890094656624
4349.431210526316,0.09072395538882383,0.005105781684460269
4379.019177944862,0.08716063018257966,0.004879857058273224
4408.607145363409,0.0915131207975076,0.008109841254362298
4438.195112781955,0.09441112772062703,0.0035406688778855332
4467.783080200501,0.08771876078627831,0.00450564440393053
4497.371047619048,0.08905264162022401,0.005533701232553315
4526.959015037594,0.08906727432642214,0.005175084990261405
4556.5469824561405,0.08867435869562552,0.006280048030633866
4586.134949874687,0.08623578346800627,0.009551399158348043
4615.722917293233,0.09655634408465621,0.02350573843219223
4645.310884711779,0.08173493173441826,0.004744010248980179
4674.898852130326,0.08045851721632562,0.004856497200865667
4704.4868195488725,0.0846180681026997,0.006203390198269737
4734.074786967419,0.08109833287797086,0.0057078680137224915
4763.662754385965,0.07798549909249461,0.004871348113343285
4793.250721804511,0.08010491290509528,0.005804318775008886
4822.838689223057,0.07817341620334314,0.0039849725355969685
4852.4266566416045,0.09546522102132118,0.015148493211966848
4882.014624060151,0.0855032500612388,0.004750434256333651
4911.602591478697,0.07941312061216758,0.004769514088843179
4941.190558897243,0.07949343389752991,0.00479812141169745
4970.778526315789,0.08149514453422477,0.0025524776202633425
5000.366493734336,0.07812193260532614,0.004087981059636026
5029.954461152883,0.07861190693178985,0.005035408499857979
5059.542428571429,0.07755647026809814,0.005690948841867028
5089.130395989975,0.07551021708754772,0.0034409311011182405
5118.718363408521,0.07615975693912666,0.005466903084836438
5148.3063308270675,0.08139344559037895,0.007727798619935622
5177.894298245614,0.07421221517764008,0.00468501623018635
5207.482265664161,0.07377537066367056,0.0050327664727831565
5237.070233082707,0.07323558138993,0.004838503779252061
5266.658200501253,0.07643324701068735,0.00967348921186846
5296.2461679197995,0.07582549046486423,0.00517577319406963
5325.834135338346,0.07248935508104262,0.0039854062700834005
5355.422102756892,0.0700315376338371,0.003951743828415826
5385.010070175439,0.06953076438234093,0.003706085508598596
5414.598037593985,0.06681819040491212,0.003769283390382736
5444.1860050125315,0.0740373349963187,0.010127030481640832
5473.773972431078,0.06952862932761578,0.005055643533552124
5503.361939849624,0.06728347040155194,0.006661349243629404
5532.94990726817,0.06962305744916367,0.005351526586665779
5562.537874686717,0.06662466931736691,0.005125592133648509
5592.1258421052635,0.06598336209663555,0.004735669412968615
5621.71380952381,0.06509615443142268,0.00423398170343193
5651.301776942356,0.06564691950046608,0.004209248050634044
5680.889744360902,0.07925717669822241,0.027714253369543102
5710.477711779448,0.06571577715302035,0.004253866020246809
5740.065679197995,0.06612998477344796,0.007114651008540181
5769.653646616542,0.06443238626319107,0.004804523363472437
5799.241614035088,0.06537942172394624,0.0031878722721749415
5828.829581453634,0.06456121900113054,0.0030007851919396644
5858.41754887218,0.0629595803546654,0.002939420600329028
5888.0055162907265,0.06265083647132422,0.0036796565935039837
5917.593483709274,0.0628619012772441,0.004794815581927758
5947.18145112782,0.06247653275834355,0.003852403916810716
5976.769418546366,0.06135937855418999,0.003477825445913558
6006.357385964912,0.06289065589377472,0.006504636060247766
6035.9453533834585,0.05927096600781867,0.0032209657046896557
6065.533320802005,0.06545189619560139,0.005635993013667509
6095.121288220552,0.06155747302804199,0.004770175625413452
6124.709255639098,0.059067287759235,0.005296816648909509
6154.297223057644,0.0616909834201535,0.006074742147723806
6183.8851904761905,0.05868226644920156,0.004811138167850545
6213.473157894737,0.060036188112786895,0.0029540786315162344
6243.061125313283,0.058677524096079126,0.003699795775382355
6272.64909273183,0.05768118982121281,0.0034224132555194216
6302.237060150376,0.0571270920917313,0.0030500112362977995
6331.825027568922,0.058082561696721824,0.002834408995150396
6361.412994987469,0.057188293370067735,0.003215028703727738
6391.000962406015,0.057101886618369756,0.002858510248533108
6420.588929824561,0.056255966407830094,0.003393403014863486
6450.176897243108,0.05764862258667526,0.003209651054792591
6479.764864661654,0.05506776751356739,0.002374763967282931
6509.352832080201,0.056654428123838085,0.002854014746466072
6538.940799498747,0.05653068400529524,0.002973626375084718
6568.528766917293,0.053861518814753984,0.002743919103863583
6598.116734335839,0.05336024865278246,0.003077017459115525
6627.704701754386,0.058064009607445774,0.007247169659319954
6657.292669172933,0.05423988080222949,0.003178999851768397
6686.880636591479,0.053910738698511554,0.004756186179447323
6716.468604010025,0.054915013361539755,0.005587415547194351
6746.056571428571,0.05265172174258219,0.0027426230683237104
6775.6445388471175,0.051765366044304394,0.003975016692805372
6805.232506265665,0.05256604999458312,0.003883877270320054
6834.820473684211,0.05255878995721862,0.0035188789417527535
6864.408441102757,0.051498075096631325,0.003648177880808338
6893.996408521303,0.050995043216246684,0.0034945874021455195
6923.584375939849,0.05242543113363055,0.004236440592111906
6953.172343358396,0.051519876850139035,0.004283276336401536
6982.760310776943,0.05070276879370618,0.0028629459657398076
7012.348278195489,0.05096820005240106,0.004132525723773543
7041.936245614035,0.04987957693491492,0.0033686340110219803
7071.524213032581,0.04944197377743442,0.004089370059927916
7101.112180451128,0.05030371977516216,0.0044316466167679215
7130.700147869674,0.04934220119850922,0.0030649249636513646
7160.288115288221,0.04918721007096417,0.004106741563884548
7189.876082706767,0.0488757674826448,0.0021453150950734873
7219.464050125313,0.04879379777138698,0.003944807274925353
7249.05201754386,0.04866541277909696,0.004039490890926664
7278.639984962406,0.04810277884442693,0.003934300163407838
7308.227952380952,0.04980098992584704,0.004897918335466452
7337.815919799499,0.04917798110256431,0.005470232585954511
7367.403887218045,0.048496769632570005,0.0043368627019901365
7396.991854636592,0.04847871908936017,0.004829811077944095
7426.579822055138,0.04902002871802147,0.003705748292102832
7456.167789473684,0.04727773157174714,0.004106223557874417
7485.75575689223,0.0474212143823471,0.0035224113187728753
7515.343724310777,0.04722938409655787,0.003694283625783636
7544.931691729324,0.04673657129805141,0.004294833814789408
7574.51965914787,0.047022980184338856,0.004650452990983981
7604.107626566416,0.04706641856292492,0.004236700508044119
7633.695593984962,0.046095186559227494,0.0037812667567984023
7663.283561403509,0.04705255540627441,0.004699345088767008
7692.871528822056,0.04546216216099258,0.00485541799904065
7722.459496240602,0.04538967725032382,0.0047299338214151585
7752.047463659148,0.04555445513484906,0.00412637073688342
7781.635431077694,0.044999644748642195,0.004337845383237111
7811.22339849624,0.043919165918588854,0.00442838931973508
7840.8113659147875,0.04494971226369207,0.004817861317658736
7870.399333333334,0.04367208391908337,0.003955844344306306
7899.98730075188,0.04459554298315225,0.0043873013028613815
7929.575268170426,0.04467589032347561,0.004317100929585929
7959.163235588972,0.043095618235197274,0.003981392810576132
7988.751203007519,0.04335754470504891,0.004415031715060023
8018.339170426066,0.04339577584781533,0.004552498822439901
8047.927137844612,0.04392275582382911,0.0042407375270499805
8077.515105263158,0.042542285678342485,0.004305357946501792
8107.103072681704,0.04299394264152477,0.004205498033968577
8136.691040100251,0.041932621770808795,0.004235368322841488
8166.279007518797,0.04189358153355639,0.004031730768474965
8195.866974937344,0.04205792792928347,0.004481455756476048
8225.45494235589,0.04201055690886852,0.0043049117182079695
8255.042909774436,0.043655897067139626,0.004776011803895359
8284.630877192983,0.04239953994696859,0.004800583058313966
8314.218844611529,0.04128663107890025,0.0038222179295295195
8343.806812030076,0.04041887515058131,0.004037755248316987
8373.394779448621,0.04098669957867205,0.004576917452886093
8402.982746867168,0.040323784283446386,0.003899490263779607
8432.570714285714,0.0404417937245561,0.004134913400862908
8462.15868170426,0.040487007892495507,0.00413715777130575
8491.746649122808,0.04183686472476096,0.004922072609557037
8521.334616541353,0.039768757154507305,0.004033996708827463
8550.9225839599,0.03892995899674375,0.004090462422438774
8580.510551378446,0.039088118012934325,0.003592352720741482
8610.098518796993,0.038966496295297345,0.0039394212222886565
8639.68648621554,0.03949250971058437,0.004606733126783485
8669.274453634085,0.03917347585594142,0.004157600898532014
8698.862421052632,0.03859247194500407,0.004177338226034648
8728.450388471178,0.037928902937644705,0.004126235157177381
8758.038355889725,0.03904367492327617,0.00449807626315304
8787.62632330827,0.03782333487479868,0.0040274596641481815
8817.214290726817,0.039512557208284636,0.003829573744447272
8846.802258145364,0.03878068969844211,0.0040894781033639655
8876.39022556391,0.03820764511453396,0.0040619189391624694
8905.978192982457,0.038575961793307134,0.004274544476360148
8935.566160401002,0.03850787620958096,0.0039925584990998875
8965.15412781955,0.038632601262275676,0.004653977044949211
8994.742095238096,0.03822700975934627,0.004335899730245709
9024.330062656642,0.03731478936375702,0.0036720034349687967
9053.918030075189,0.037570149768871366,0.004327670154162049
9083.505997493734,0.03872274762574331,0.004334882519004825
9113.093964912281,0.03678503242609024,0.004091401954080582
9142.681932330826,0.03646749704583445,0.0037562726529472494
9172.269899749374,0.03697224169915715,0.0042921558960230255
9201.85786716792,0.03640273515079064,0.0035934228817205718
9231.445834586466,0.03581805678904133,0.004169930123373621
9261.033802005013,0.03718995801989993,0.004134703601024989
9290.621769423558,0.03611527508337806,0.004049801898634679
9320.209736842105,0.03661835778999012,0.004596818396028937
9349.797704260653,0.03562857920980931,0.004035602174030745
9379.385671679198,0.03630012369954229,0.003965236830105653
9408.973639097745,0.03576673897404191,0.004699918300266141
9438.56160651629,0.03568212913651925,0.004314054909586975
9468.149573934837,0.036705398521144274,0.0038137500607087465
9497.737541353383,0.035538331879948634,0.004765134609363959
9527.32550877193,0.03510460202798587,0.00450722658994785
9556.913476190477,0.03477390257331172,0.003952853758116243
9586.501443609022,0.03493749706158745,0.004184022568317092
9616.08941102757,0.03479481249317341,0.004261128086139555
9645.677378446115,0.03515632133047937,0.0039657411754790315
9675.265345864662,0.03519771240229039,0.004230649696062095
9704.853313283209,0.03550019761364466,0.004745498822738024
9734.441280701754,0.03443695802119453,0.003985947772123364
9764.029248120301,0.03452788614856876,0.00458910569918954
9793.617215538847,0.03444386615926385,0.004569437715703461
9823.205182957394,0.033824015880966084,0.003825581869470162
9852.79315037594,0.0334389180706878,0.004125511954521138
9882.381117794486,0.03383966559570808,0.004561622968752934
9911.969085213033,0.03327708059642169,0.004277972383028054
9941.557052631579,0.033464586138831506,0.003874858568914426
9971.145020050126,0.03329198165241623,0.0038940653419557085
10000.732987468671,0.03336770806667854,0.003946000029650741
10030.320954887218,0.033363443907438554,0.0035861210732742025
10059.908922305765,0.032581729801844074,0.004118488734080548
10089.49688972431,0.033179201943428674,0.0036507872361264395
10119.084857142858,0.03292524189256941,0.004109087530176828
10148.672824561403,0.032515577210015564,0.0037762001816694256
10178.26079197995,0.03226326689555321,0.003829759967728884
10207.848759398496,0.031901555809268387,0.003865528263053207
10237.436726817043,0.0324476597547481,0.0036544844263651957
10267.02469423559,0.03227058208392351,0.003899971547460346
10296.612661654135,0.03216836654552268,0.0037487675488499105
10326.200629072682,0.032559665028404114,0.003920393695805029
10355.788596491228,0.031756155726918874,0.003823428631050658
10385.376563909775,0.03255653582453785,0.003413089914881751
10414.964531328322,0.03238237050088947,0.003975131307343842
10444.552498746867,0.03213367565055384,0.00371499034337093
10474.140466165414,0.03216181317357204,0.004407737330085818
10503.72843358396,0.031412675258103755,0.00401632175381934
10533.316401002507,0.03170644048448633,0.004188134331975348
10562.904368421052,0.03216994229220939,0.0036021896756932075
10592.492335839599,0.030744081808147687,0.004029624655182179
10622.080303258146,0.03062205437752007,0.0038160925593423043
10651.668270676691,0.030876618543041447,0.0038989565010565533
10681.256238095239,0.03086941912444092,0.0037360650790180935
10710.844205513784,0.03016925242085765,0.0037833294286448516
10740.432172932331,0.030472165671613743,0.0035794158757012124
10770.020140350878,0.030403518924712936,0.003616581647041611
10799.608107769423,0.030933438160839127,0.003668250160869328
10829.19607518797,0.030691406917526597,0.0037112780168098163
10858.784042606516,0.030385182818333873,0.0037179583327502886
10888.372010025063,0.03043982766620376,0.004006664465435367
10917.959977443608,0.02994275682909936,0.003660813801255279
10947.547944862155,0.030025335768842025,0.0037493419816016197
10977.135912280703,0.03043686380118606,0.0036777373277045926
11006.723879699248,0.03081597880474161,0.0035330667367070873
11036.311847117795,0.030780672974886587,0.0038382785105861
11065.89981453634,0.03036817693317227,0.003651010672791654
11095.487781954887,0.030535132300334545,0.0035524422267302685
11125.075749373435,0.03001675075335241,0.00344192521457786
11154.66371679198,0.030348838531323086,0.0034870503670953366
11184.251684210527,0.02996045904087431,0.0037424535090695597
11213.839651629072,0.030010987591859946,0.003353917709944805
11243.42761904762,0.03029071802347697,0.003688912003116646
11273.015586466165,0.030286554936536925,0.003552552840093814
11302.603553884712,0.02999897732953196,0.003398736992747606
11332.191521303259,0.029947579091764452,0.0035044768872186604
11361.779488721804,0.029882969782951734,0.00369306689111266
11391.367456140351,0.029296232850567993,0.003743764523153412
11420.955423558897,0.02934022038935443,0.003812803754318324
11450.543390977444,0.029395664513364783,0.003322636689605593
11480.13135839599,0.029555512440124332,0.004002050027557213
11509.719325814536,0.029193300800165394,0.003944697856094692
11539.307293233083,0.029133125759898466,0.003621308310055402
11568.895260651629,0.029003688626846214,0.003876229505120934
11598.483228070176,0.02943636203533855,0.004051104747384214
11628.071195488723,0.029133128367290324,0.0036370250134561423
11657.659162907268,0.028889829207276684,0.0035361307553667893
11687.247130325815,0.028944558233634683,0.0034413362496474274
11716.83509774436,0.02831414522261138,0.0036027957935618957
11746.423065162908,0.02898565422536803,0.0036230012800815762
11776.011032581453,0.02865220426352496,0.0033190794098806255
11805.599,0.028375184799999998,0.003594351536050933
