s,jhat,jhat_std,jhat_se,band2se,v_pred,gap,v_ref,seed
-1.0,0.3914899764931761,0.004659597470205445,7.280621047196007e-05,0.00014561242094392014,0.4236874282360077,-0.03219745174283162,0.8816070720000001,20270921
-0.98,0.37681253643677337,0.004698128789139477,7.340826233030433e-05,0.00014681652466060866,0.40847253799438477,-0.031660001557611395,0.867045068,20270922
-0.96,0.3624738027356216,0.00467829373803252,7.309833965675812e-05,0.00014619667931351624,0.39329585433006287,-0.03082205159444129,0.852600536,20270923
-0.94,0.3480540679738624,0.004670397733296835,7.297496458276305e-05,0.0001459499291655261,0.3780527412891388,-0.029998673315276392,0.8382916680000001,20270924
-0.92,0.33400635398720624,0.004710887016936775,7.360760963963711e-05,0.00014721521927927423,0.3627969026565552,-0.028790548669348937,0.824117032,20270925
-0.9,0.3198951233061962,0.004511131655648218,7.04864321195034e-05,0.0001409728642390068,0.3475194573402405,-0.027624334034044296,0.8101018999999999,20270926
-0.88,0.30616162209480535,0.004651485987402712,7.267946855316738e-05,0.00014535893710633475,0.3322634994983673,-0.026101877403561957,0.796254828,20270927
-0.86,0.29228322054405,0.004666762010443215,7.291815641317524e-05,0.00014583631282635048,0.3170567452907562,-0.024773524746706244,0.782574494,20270928
-0.84000003,0.27877025300404057,0.004693411343440682,7.333455224126065e-05,0.0001466691044825213,0.3018150329589844,-0.023044779954943806,0.7690728200000001,20270929
-0.82,0.26549554828670807,0.004687243385761746,7.323817790252728e-05,0.00014647635580505457,0.286721795797348,-0.02122624751063995,0.755763574,20270930
-0.8,0.2522777705526096,0.0046780031426130655,7.309379910332915e-05,0.0001461875982066583,0.27171948552131653,-0.019441714968706947,0.7426650880000001,20270931
-0.78000003,0.2395125396506046,0.004740688125537453,7.40732519615227e-05,0.0001481465039230454,0.2568035125732422,-0.017290972922637593,0.7297662380000001,20270932
-0.76,0.2267647560365731,0.0047120241162457764,7.362537681634026e-05,0.00014725075363268051,0.24195827543735504,-0.015193519400781952,0.7170895140000001,20270933
-0.74,0.21442413263139315,0.00475197517081727,7.424961204401985e-05,0.0001484992240880397,0.22718113660812378,-0.01275700397673063,0.70465462,20270934
-0.72,0.20212495480518555,0.00470032398048519,7.344256219508109e-05,0.00014688512439016218,0.21266484260559082,-0.010539887800405268,0.6924511879999999,20270935
-0.7,0.19022208386013517,0.004625357776903143,7.22712152641116e-05,0.0001445424305282232,0.19832751154899597,-0.0081054276888608,0.680515542,20270936
-0.68,0.17842482731794007,0.004632619175378859,7.238467461529467e-05,0.00014476934923058935,0.18424220383167267,-0.005817376513732597,0.668833892,20270937
-0.66,0.1670887546351878,0.004572564299206294,7.144631717509834e-05,0.00014289263435019668,0.1704544723033905,-0.0033657176682027057,0.6574327,20270938
-0.64,0.1560313702429994,0.0046928421243427896,7.332565819285609e-05,0.00014665131638571217,0.15698206424713135,-0.0009506940041319467,0.6463195880000001,20270939
-0.62,0.1451490674953675,0.004711007341379379,7.36094897090528e-05,0.0001472189794181056,0.14378897845745087,0.001360089037916623,0.6355199020000001,20270940
-0.6,0.13468735858623404,0.004662991645291065,7.28592444576729e-05,0.0001457184889153458,0.13082128763198853,0.003866070954245515,0.6250121940000001,20270941
-0.58,0.12447153177345172,0.004557458406161068,7.121028759626668e-05,0.00014242057519253337,0.11835676431655884,0.006114767456892878,0.6148327680000001,20270942
-0.56,0.11484397608001018,0.004611517672748383,7.205496363669348e-05,0.00014410992727338697,0.10630280524492264,0.008541170835087541,0.6049774400000001,20270943
-0.54,0.105138224127586,0.004584495129753185,7.163273640239351e-05,0.00014326547280478703,0.09485609829425812,0.010282125833327882,0.595474098,20270944
-0.52,0.09615804407803807,0.004718618182457512,7.372840910089862e-05,0.00014745681820179724,0.08401015400886536,0.012147890069172718,0.5863286999999999,20270945
-0.5,0.08722277120978106,0.004546842341156613,7.104441158057208e-05,0.00014208882316114416,0.07388174533843994,0.013341025871341117,0.577542448,20270946
-0.48000002,0.07894611574010924,0.004741384116055853,7.40841268133727e-05,0.0001481682536267454,0.06462735682725906,0.014318758912850171,0.56913184,20270947
-0.46,0.0708059259923175,0.004587084975002167,7.167320273440885e-05,0.0001433464054688177,0.0560460239648819,0.0147599020274356,0.561105476,20270948
-0.44,0.06326162793266121,0.004712340317586338,7.363031746228653e-05,0.00014726063492457306,0.04823853075504303,0.015023097177618183,0.55347456,20270949
-0.42000002,0.05596456126659177,0.004534231569716387,7.084736827681854e-05,0.00014169473655363708,0.04089330509305,0.01507125617354177,0.5462468279999999,20270950
-0.4,0.04927405451599043,0.0046816566926718445,7.315088582299757e-05,0.00014630177164599514,0.0342092290520668,0.015064825463923626,0.539440998,20270951
-0.38000003,0.042980467434972525,0.004607437034764999,7.199120366820311e-05,0.00014398240733640621,0.028172802180051804,0.014807665254920721,0.5330441,20270952
-0.36,0.03706287775275996,0.004702208745953725,7.347201165552696e-05,0.00014694402331105391,0.022905059158802032,0.014157818593957927,0.52709554,20270953
-0.34,0.03145105994917685,0.004614375404664749,7.20996156978867e-05,0.0001441992313957734,0.018293648958206177,0.013157410990970675,0.521572318,20270954
-0.32000002,0.026394284956040792,0.004643403809430297,7.255318452234839e-05,0.00014510636904469678,0.014270493760704994,0.012123791195335798,0.5164968400000001,20270955
-0.3,0.02171475105569698,0.004606881436664675,7.198252244788555e-05,0.0001439650448957711,0.010732702910900116,0.010982048144796863,0.51188068,20270956
-0.28000003,0.01770377351931529,0.004565213056840666,7.133145401313541e-05,0.00014266290802627082,0.007665781304240227,0.010037992215075064,0.5077226180000001,20270957
-0.26000002,0.013954608511994593,0.004627836734986029,7.230994898415671e-05,0.00014461989796831341,0.005372010171413422,0.008582598340581171,0.5040344,20270958
-0.24000001,0.010842935400432907,0.004583582005849964,7.161846884140569e-05,0.00014323693768281137,0.003640616312623024,0.007202319087809883,0.50080684,20270959
-0.22000001,0.008054231664573308,0.004547454914461994,7.105398303846866e-05,0.00014210796607693732,0.0024389326572418213,0.005615299007331487,0.498068632,20270960
-0.20000002,0.005679366833646782,0.0045549899722872825,7.117171831698879e-05,0.00014234343663397758,0.0019082054495811462,0.0037711613840656355,0.49580366,20270961
-0.18000002,0.0040046907306532376,0.0045961028793853895,7.181410749039671e-05,0.00014362821498079342,0.0020338892936706543,0.0019708014369825833,0.494021846,20270962
-0.16000003,0.0026908358922810294,0.0046843967492414705,7.319369920689798e-05,0.00014638739841379595,0.0026577115058898926,3.3124386391136795e-05,0.492725212,20270963
-0.14000002,0.001936969449161552,0.004564458146096151,7.131965853275236e-05,0.00014263931706550473,0.0034636985510587692,-0.0015267291018972173,0.4919133159999999,20270964
-0.12000002,0.001570792868733406,0.004670852235654517,7.298206618210183e-05,0.00014596413236420366,0.004403449594974518,-0.0028326567262411118,0.491594476,20270965
-0.100000024,0.0017671810564934276,0.004596969457829443,7.182764777858505e-05,0.0001436552955571701,0.005377586930990219,-0.0036104058744967915,0.491770412,20270966
-0.08000002,0.0024944243996287696,0.004681922547542981,7.315503980535908e-05,0.00014631007961071816,0.006556499749422073,-0.004062075349793304,0.492425708,20270967
-0.06000002,0.003736427715921309,0.004798919780587683,7.498312157168254e-05,0.00014996624314336508,0.008126791566610336,-0.0043903638506890275,0.493574466,20270968
-0.04000002,0.005304875419824384,0.004736246973276771,7.400385895744955e-05,0.0001480077179148991,0.009943637996912003,-0.004638762577087618,0.4952017279999999,20270969
-0.020000022,0.00747803791455226,0.004804942959785152,7.5077233746643e-05,0.000150154467493286,0.012006677687168121,-0.004528639772615861,0.497317516,20270970
2.2351742e-08,0.010112916359503288,0.004722928723432825,7.37957613036379e-05,0.0001475915226072758,0.014535678550601006,-0.004422762191097718,0.49991728,20270971
0.020000022,0.013087719606119208,0.004756496013449643,7.432025021015067e-05,0.00014864050042030135,0.017856258898973465,-0.004768539292854257,0.5029821,20270972
0.04000002,0.016599871232756414,0.004667633832240743,7.293177862876161e-05,0.00014586355725752323,0.02192082069814205,-0.005320949465385638,0.50653338,20270973
0.06000002,0.02079439144290518,0.004699084973138067,7.342320270528229e-05,0.00014684640541056459,0.026612021028995514,-0.005817629586090334,0.51055448,20270974
0.08000002,0.025115037125942763,0.004752091157824646,7.425142434101009e-05,0.00014850284868202018,0.03217402100563049,-0.00705898387968773,0.5150252,20270975
0.100000024,0.030100995325483382,0.004759088144668129,7.436075226043951e-05,0.00014872150452087903,0.03856675326824188,-0.0084657579427585,0.5199585499999999,20270976
0.12000002,0.03551808225165587,0.004753709012267268,7.427670331667606e-05,0.00014855340663335212,0.045470524579286575,-0.009952442327630706,0.525342832,20270977
0.14000002,0.0412753415730549,0.004800820991585598,7.501282799352497e-05,0.00015002565598704995,0.05282590538263321,-0.011550563809578307,0.531155596,20270978
0.16000003,0.04757431448524585,0.004819015746294137,7.529712103584589e-05,0.00015059424207169178,0.060859113931655884,-0.013284799446410034,0.537419634,20270979
0.18000002,0.054321697454724927,0.004742134303503512,7.409584849224237e-05,0.00014819169698448474,0.06915998458862305,-0.01483828713389812,0.544104544,20270980
0.20000002,0.0614142848571646,0.004908820807250031,7.670032511328174e-05,0.00015340065022656347,0.0779426097869873,-0.016528324929822702,0.551197948,20270981
0.22000001,0.06895395889296196,0.004919452872879745,7.686645113874602e-05,0.00015373290227749204,0.08700887858867645,-0.01805491969571449,0.558702634,20270982
0.24000001,0.07678565316018648,0.004811436788763856,7.517869982443525e-05,0.0001503573996488705,0.09632774442434311,-0.019542091264156625,0.566617832,20270983
0.26000002,0.08517141782795079,0.004938199087839929,7.715936074749889e-05,0.00015431872149499777,0.10576536506414413,-0.020593947236193344,0.57489674,20270984
0.28000003,0.09367506700073136,0.0049887415538467286,7.794908677885513e-05,0.00015589817355771027,0.11541625112295151,-0.021741184122220147,0.58357178,20270985
0.3,0.10285127289535012,0.004893792965379849,7.646551508406014e-05,0.00015293103016812028,0.1252487301826477,-0.022397457287297584,0.5926183399999999,20270986
0.32000002,0.11227106957812794,0.004960485201011387,7.750758126580292e-05,0.00015501516253160584,0.13517752289772034,-0.0229064533195924,0.60201334,20270987
0.34,0.12207678104459774,0.004981097443973617,7.782964756208776e-05,0.00015565929512417553,0.14519931375980377,-0.023122532715206034,0.61174746,20270988
0.36,0.1320257314509945,0.005082878680393286,7.941997938114509e-05,0.00015883995876229018,0.15518544614315033,-0.02315971469215583,0.621828332,20270989
0.38000003,0.14244444799987832,0.0049784677353389446,7.778855836467101e-05,0.00015557711672934202,0.16520757973194122,-0.022763131732062902,0.632230648,20270990
0.4,0.15321240647608647,0.005025860592620593,7.852907175969677e-05,0.00015705814351939354,0.17540539801120758,-0.02219299153512111,0.64294438,20270991
0.42000002,0.16432463879027637,0.005019226374100404,7.842541209531882e-05,0.00015685082419063763,0.18581083416938782,-0.02148619537911145,0.653964,20270992
0.44,0.17542433257767698,0.0050496501461977225,7.890078353433941e-05,0.00015780156706867883,0.19662858545780182,-0.02120425288012484,0.665272574,20270993
0.46,0.18699771312822122,0.005080330401324796,7.938016252069994e-05,0.0001587603250413999,0.2077932208776474,-0.02079550774942618,0.676863942,20270994
0.48000002,0.19902293363702483,0.005112011485884104,7.987517946693913e-05,0.00015975035893387826,0.21938355267047882,-0.020360619033453986,0.6887147,20270995
0.5,0.2111707942603971,0.005087626010542403,7.949415641472505e-05,0.0001589883128294501,0.2315014898777008,-0.020330695617303718,0.700828484,20270996
0.52,0.2233464893361088,0.005087755870134328,7.949618547084887e-05,0.00015899237094169774,0.24401384592056274,-0.020667356584453955,0.71319738,20270997
0.54,0.23610613572236616,0.005126159370825364,8.009624016914632e-05,0.00016019248033829263,0.2568163275718689,-0.020710191849502735,0.725801276,20270998
0.56,0.24887532651337096,0.005118353026681527,7.997426604189886e-05,0.0001599485320837977,0.26992273330688477,-0.0210474067935138,0.73861968,20270999
0.58,0.2619556586505496,0.005037777661498807,7.871527596091886e-05,0.00015743055192183773,0.28325870633125305,-0.021303047680703457,0.75165768,20271000
0.6,0.2752801202223054,0.0050443755646390085,7.881836819748451e-05,0.00015763673639496902,0.2968563735485077,-0.021576253326202277,0.76490266,20271001
0.62,0.28859374208695954,0.0050654824903859485,7.914816391228045e-05,0.0001582963278245609,0.3106321692466736,-0.022038427159714047,0.778346468,20271002
0.64,0.30232234509458067,0.004901834129588053,7.659115827481333e-05,0.00015318231654962665,0.3244403302669525,-0.022117985172371846,0.79196171,20271003
0.66,0.31609238890814595,0.005073723179429733,7.927692467858958e-05,0.00015855384935717915,0.338365763425827,-0.022273374517681077,0.8057537120000001,20271004
0.68,0.32995638085412793,0.004967706571088638,7.762041517325997e-05,0.00015524083034651993,0.35251420736312866,-0.022557826509000733,0.8197130079999999,20271005
0.7,0.34418435187399155,0.004968751011945114,7.76367345616424e-05,0.0001552734691232848,0.3668246865272522,-0.022640334653260652,0.833835324,20271006
0.72,0.35846701761329314,0.005000749653053768,7.813671332896512e-05,0.00015627342665793024,0.38137879967689514,-0.022911782063602004,0.8480995520000001,20271007
0.74,0.3727819102277863,0.005011068108166226,7.829793919009727e-05,0.00015659587838019455,0.3958503007888794,-0.02306839056109311,0.86250246,20271008
0.76,0.38741001171729295,0.0049305181428240495,7.703934598162577e-05,0.00015407869196325155,0.41026610136032104,-0.0228560896430281,0.8770302000000001,20271009
0.78000003,0.4020986356117646,0.004999402929755648,7.8115670777432e-05,0.000156231341554864,0.4246622920036316,-0.02256365639186697,0.8916742679999998,20271010
0.8,0.41665428361011436,0.005072876220244269,7.92636909413167e-05,0.0001585273818826334,0.4389555752277374,-0.022301291617623065,0.90643196,20271011
0.82,0.43178872583666816,0.004958044874988484,7.746945117169506e-05,0.0001549389023433901,0.453151673078537,-0.021362947241868824,0.921296552,20271012
0.84000003,0.4466620036546374,0.005006256674949938,7.822276054609278e-05,0.00015644552109218555,0.4673808217048645,-0.020718818050227128,0.93625926,20271013
0.86,0.46177153239841573,0.0048989305729454525,7.65457902022727e-05,0.0001530915804045454,0.4816296696662903,-0.019858137267874554,0.95129968,20271014
0.88,0.47695098464464536,0.005011559736773932,7.830562088709269e-05,0.00015661124177418538,0.49592047929763794,-0.01896949465299258,0.96643392,20271015
0.9,0.49214062541432213,0.00482341795805128,7.536590559455125e-05,0.0001507318111891025,0.5102519392967224,-0.01811131388240028,0.981635754,20271016
0.92,0.5074525132222334,0.004985660285739092,7.790094196467332e-05,0.00015580188392934664,0.5245674848556519,-0.017114971633418463,0.99689942,20271017
0.94,0.5227294786600396,0.0049530503889414716,7.739141232721049e-05,0.00015478282465442099,0.5388465523719788,-0.016117073711939156,1.01223092,20271018
0.96,0.5382963056617882,0.004921828255212856,7.690356648770087e-05,0.00015380713297540174,0.5531796813011169,-0.014883375639328733,1.0276152799999998,20271019
0.98,0.5536396870302269,0.004813322345422921,7.520816164723314e-05,0.0001504163232944663,0.5675104260444641,-0.013870739014237188,1.0430533,20271020
1.0,0.569314028165536,0.004817193666133706,7.526865103333916e-05,0.00015053730206667832,0.5818554759025574,-0.012541447737021372,1.05853188,20271021
