s,v_ref_eps0_5arm_mean,v_ref_eps0_5arm_sd,v_pred_eps1,jhat_eps1,v_pred_eps2,jhat_eps2,v_pred_eps4,jhat_eps4,v_pred_eps8,jhat_eps8,v_pred_eps0,jhat_eps0
-1.0,0.8816070720000001,1.4639999999843666e-06,-0.056993395,-0.1131006275390973,0.42368743,0.3914899764931761,0.6484242,0.6374447322596097,0.76420945,0.7733782795403386,0.8821325,0.8818998526112409
-0.98,0.867045068,4.0639999999925186e-06,-0.07364923,-0.1275705225416459,0.40847254,0.3768125364367733,0.6353201,0.6228888091718545,0.75158155,0.7585846653964836,0.868525,0.8672896605567075
-0.96,0.852600536,1.8799999996765847e-07,-0.090422526,-0.1421324831608217,0.39329585,0.3624738027356216,0.62227875,0.6087067303014919,0.7389659,0.7443784491188126,0.8549011,0.8529892273363657
-0.94,0.8382916680000001,4.363999999990042e-06,-0.10723952,-0.1564147238241275,0.37805274,0.3480540679738624,0.6092766,0.5942622906586621,0.7263867,0.7299622164282482,0.84135187,0.8384138989640633
-0.92,0.824117032,4.640000000222244e-07,-0.12418021,-0.1705612794175977,0.3627969,0.3340063539872062,0.5963221,0.5799667693063384,0.7138883,0.715771092538489,0.82777625,0.8244627417734591
-0.9,0.8101018999999999,1.8000000000295557e-06,-0.14137074,-0.1846915809292113,0.34751946,0.3198951233061962,0.58338904,0.5659013764961855,0.70136285,0.7017403583595296,0.8141842,0.8103581396426307
-0.88,0.796254828,3.663999999981016e-06,-0.15875082,-0.1984516416268888,0.3322635,0.3061616220948053,0.57043475,0.5519314156117616,0.68885493,0.6879031513090013,0.80066586,0.7966536531457677
-0.86,0.782574494,8.119999999944838e-07,-0.1763344,-0.2122123322915285,0.31705675,0.29228322054405,0.55751675,0.5383144905063091,0.6763191,0.6742340665805386,0.7870928,0.7829117985093035
-0.84000003,0.7690728200000001,3.3999999997647025e-07,-0.19374372,-0.2257450388278812,0.30181503,0.2787702530040405,0.5446913,0.5247399452637183,0.6638,0.6606487869576085,0.7734827,0.7694565327838063
-0.82,0.755763574,1.4520000000128874e-06,-0.21115787,-0.2389070773933781,0.2867218,0.265495548286708,0.53199583,0.5115168885167805,0.6512831,0.6474404040782247,0.75985265,0.7561600955668837
-0.8,0.7426650880000001,5.760000000076815e-07,-0.22870657,-0.2520465047855396,0.2717195,0.2522777705526096,0.5193518,0.4983779290560051,0.6387758,0.6343717111158185,0.7463588,0.7428102745325305
-0.78000003,0.7297662380000001,2.1599999997512497e-07,-0.24635048,-0.2650226389087038,0.2568035,0.2395125396506046,0.5068249,0.4854967896826565,0.6263235,0.6214357773715165,0.73306876,0.7299325163039612
-0.76,0.7170895140000001,4.279999999745598e-07,-0.26390025,-0.2778042589779943,0.24195828,0.2267647560365731,0.49437508,0.4729123342331149,0.6140607,0.6087641578051262,0.72006965,0.7173699028498959
-0.74,0.70465462,1.3599999999946987e-06,-0.2812375,-0.2902320903667714,0.22718114,0.2144241326313931,0.48202515,0.4604046244639903,0.60193247,0.596402891620528,0.707414,0.7049557460995857
-0.72,0.6924511879999999,4.076000000008406e-06,-0.2982551,-0.3024235365592176,0.21266484,0.2021249548051855,0.4697765,0.4482480963342823,0.5899272,0.5842078574642073,0.6950423,0.6926929503970314
-0.7,0.680515542,4.5599999998202634e-07,-0.31470338,-0.3143241590005345,0.19832751,0.1902220838601351,0.45761886,0.4361650811115396,0.57809293,0.5722181075834669,0.6827756,0.6806933872867376
-0.68,0.668833892,3.903999999987917e-06,-0.33040604,-0.3259911108325468,0.1842422,0.17842482731794,0.44558144,0.4246064375256537,0.56641316,0.5604563536908245,0.6706799,0.669084094450227
-0.66,0.6574327,3.0000000000196538e-06,-0.3454933,-0.3373910475202137,0.17045447,0.1670887546351878,0.43375733,0.4131311628661933,0.55489635,0.5491712637012824,0.6587123,0.6577467379393056
-0.64,0.6463195880000001,2.0759999999953037e-06,-0.35999337,-0.3484681991394609,0.15698206,0.1560313702429994,0.4220427,0.4019136620991048,0.54360527,0.5380874626716832,0.64683187,0.6466464380791876
-0.62,0.6355199020000001,2.0759999999953037e-06,-0.37394533,-0.3593976114789257,0.14378898,0.1451490674953675,0.41051707,0.3912250478606438,0.53254354,0.5272737049817806,0.6350266,0.6357299225201132
-0.6,0.6250121940000001,2.6720000000146626e-06,-0.38737163,-0.369829472139827,0.13082129,0.134687358586234,0.39916795,0.3805126967199612,0.5216873,0.5167750941473059,0.6234389,0.6251891857245937
-0.58,0.6148327680000001,5.840000000034707e-07,-0.400481,-0.3800148220761912,0.118356764,0.1244715317734517,0.38813338,0.3705465287785046,0.5110468,0.5065887935925275,0.6119752,0.6150708612112794
-0.56,0.6049774400000001,2.919999999972944e-06,-0.41315335,-0.3898236914392328,0.106302805,0.1148439760800101,0.37736896,0.3605517018804676,0.5007574,0.4967119109278428,0.60076,0.605246868552058
-0.54,0.595474098,2.9360000000089315e-06,-0.42533967,-0.3993924996466376,0.0948561,0.105138224127586,0.36678764,0.3510508707549888,0.4906787,0.4873344879524666,0.5899071,0.5958611444657436
-0.52,0.5863286999999999,3.9999999996709333e-07,-0.43685853,-0.4085322300088592,0.084010154,0.096158044078038,0.3564378,0.3419338511012029,0.48064244,0.4781011814557132,0.5795714,0.5865546242857818
-0.5,0.577542448,3.975999999994429e-06,-0.44763523,-0.4171520937525201,0.073881745,0.087222771209781,0.34640494,0.332969160284847,0.47089005,0.469358622591244,0.56975734,0.5777478425443405
-0.48000002,0.56913184,8.80000000025305e-07,-0.45799026,-0.4256709463807056,0.06462736,0.0789461157401092,0.3366678,0.3245938836189452,0.46127632,0.4610272761638043,0.56035334,0.5693448620586423
-0.46,0.561105476,3.8799999999561404e-07,-0.46767113,-0.4337529973563505,0.056046024,0.0708059259923175,0.3272989,0.3165617935956106,0.45182857,0.4530727436285815,0.55144894,0.5613274370989529
-0.44,0.55347456,2.0799999999709938e-06,-0.4766056,-0.4413216798275243,0.04823853,0.0632616279326612,0.31832412,0.3089251028795843,0.44260585,0.4455067319067893,0.5430992,0.5537081466900418
-0.42000002,0.5462468279999999,3.3359999999760246e-06,-0.4847773,-0.4486909374682,0.040893305,0.0559645612665917,0.3098081,0.301645820189151,0.43375158,0.4383820750081213,0.53528833,0.5465466246532742
-0.4,0.539440998,1.8840000000075463e-06,-0.49193165,-0.4553441142343217,0.03420923,0.0492740545159904,0.30152267,0.2948926716344431,0.42537522,0.4314870607413468,0.5279536,0.5396071705472423
-0.38000003,0.5330441,1.199999999812462e-07,-0.49755168,-0.4616414224728942,0.028172802,0.0429804674349725,0.29340932,0.2884115313790971,0.41762513,0.4251588150218595,0.5212397,0.5331680364324711
-0.36,0.52709554,3.5999999999702935e-06,-0.5013048,-0.4677382765512448,0.02290506,0.0370628777527599,0.2856745,0.2824987133062677,0.41042662,0.4191516617647721,0.5151006,0.527330350552802
-0.34,0.521572318,1.3560000000190087e-06,-0.503128,-0.4732208378845826,0.018293649,0.0314510599491768,0.27831227,0.2768503988409065,0.4037047,0.4137097603379516,0.50944483,0.5217770872986875
-0.32000002,0.5164968400000001,2.9800000000079764e-06,-0.50322306,-0.4782946018094662,0.014270494,0.0263942849560407,0.27139574,0.2717715417747968,0.39769474,0.408684543450363,0.50421345,0.5168565118001425
-0.3,0.51188068,2.039999999992048e-06,-0.5020299,-0.4829550518770702,0.010732703,0.0217147510556969,0.26491153,0.267197652021423,0.39235476,0.4041813781877863,0.49940985,0.5121446247576387
-0.28000003,0.5077226180000001,1.1599999996114717e-07,-0.50031316,-0.4870962917339057,0.0076657813,0.0177037735193152,0.25905135,0.2629655029086279,0.38783285,0.3999941471920465,0.4951051,0.508057427003223
-0.26000002,0.5040344,3.2000000000032004e-06,-0.49844313,-0.4908679870204651,0.00537201,0.0139546085119945,0.25382993,0.2592159746782272,0.3841758,0.3963869582948973,0.49154034,0.5041730806988198
-0.24000001,0.50080684,8.000000000230045e-08,-0.49656734,-0.4939562106737867,0.0036406163,0.0108429354004329,0.24948747,0.2559984228028042,0.38126007,0.3930529211138491,0.48861635,0.5010856849403353
-0.22000001,0.498068632,6.435999999987452e-06,-0.49513507,-0.4966687190171797,0.0024389327,0.0080542316645733,0.24575563,0.2531788401392987,0.37867102,0.3904913286169176,0.48624697,0.4982797554985154
-0.20000002,0.49580366,1.200000000034507e-07,-0.49459097,-0.4990057451432221,0.0019082054,0.0056793668336467,0.24263476,0.2508875438688847,0.37658864,0.3881314932586974,0.4845348,0.4961416229780298
-0.18000002,0.494021846,3.108000000007216e-06,-0.49430153,-0.5007726611147518,0.0020338893,0.0040046907306532,0.24024627,0.2492406281817238,0.37504005,0.3865288916713325,0.48353204,0.4943177989989635
-0.16000003,0.492725212,4.504000000005171e-06,-0.494422,-0.5020390000863699,0.0026577115,0.002690835892281,0.23842357,0.2478481559737702,0.37405455,0.3853179841171368,0.48328212,0.4929532500682398
-0.14000002,0.49191331599999993,4.319999999946589e-07,-0.4947536,-0.5027309047363815,0.0034636986,0.0019369694491615,0.23718764,0.2470528240373823,0.37341738,0.3843749549414497,0.48362827,0.492162127411575
-0.12000002,0.49159447600000006,1.9919999999951085e-06,-0.49463627,-0.5030600641330238,0.0044034496,0.0015707928687334,0.23651986,0.2466341677754826,0.37300333,0.3841193603802821,0.4841994,0.4917974657873856
-0.100000024,0.491770412,1.6400000000249548e-07,-0.49380758,-0.5029196293398854,0.005377587,0.0017671810564934,0.23655818,0.2467642808587697,0.37296185,0.3843913480304763,0.48510918,0.4920049932115944
-0.08000002,0.492425708,5.2440000000153475e-06,-0.49255577,-0.5024256754404632,0.0065564997,0.0024944243996287,0.2373505,0.247603555661044,0.37329626,0.3850856980061508,0.48623845,0.4927777447082917
-0.06000002,0.493574466,1.6079999999973893e-06,-0.4907669,-0.5011420857990743,0.008126792,0.0037364277159213,0.2386671,0.2486526489301468,0.3738543,0.3863915569891105,0.4874994,0.4939806714974111
-0.04000002,0.49520172799999995,3.643999999991543e-06,-0.4881651,-0.4995040621579392,0.009943638,0.0053048754198243,0.24072632,0.2501918826492328,0.37458244,0.3880088783262181,0.48903382,0.4955762179524754
-0.020000022,0.497317516,2.768000000008541e-06,-0.48411444,-0.4974236289563123,0.012006678,0.0074780379145522,0.24339272,0.2523511906583735,0.3758071,0.390021303704998,0.49072653,0.4975369300664169
2.2351742e-08,0.49991728,2.36000000000125e-06,-0.4779593,-0.4947261077468283,0.014535679,0.0101129163595032,0.24654849,0.2549516426333866,0.3773715,0.3926227303963969,0.49243778,0.500225078612857
0.020000022,0.5029821,2.6000000000081515e-06,-0.46997324,-0.49159295730351,0.017856259,0.0130877196061192,0.25024953,0.2579647055317764,0.37933883,0.3957791889406508,0.49433684,0.5031575446555507
0.04000002,0.50653338,4.3999999999044803e-07,-0.46101305,-0.4879715774877695,0.02192082,0.0165998712327564,0.25447923,0.2615932816843269,0.38206476,0.3993631557386834,0.4965148,0.506808175763581
0.06000002,0.51055448,3.840000000021603e-06,-0.45176706,-0.4840087285701884,0.026612021,0.0207943914429051,0.2588521,0.2654158381847082,0.38548994,0.403436697255529,0.4990763,0.5108424403442768
0.08000002,0.5150252,4.799999999693938e-07,-0.44232807,-0.479647998487053,0.03217402,0.0251150371259427,0.2636135,0.2699149916952592,0.38972038,0.4079895034810761,0.50210977,0.5154040382767562
0.100000024,0.5199585499999999,1.100000000020529e-06,-0.4331469,-0.4748022143467096,0.038566753,0.0301009953254833,0.26890755,0.2748339371028123,0.39479128,0.4129470211701118,0.5057941,0.5201986069805571
0.12000002,0.525342832,3.136000000036887e-06,-0.42462805,-0.4692258172144647,0.045470525,0.0355180822516558,0.27466065,0.2801873815333238,0.40052357,0.41834614459367,0.51032317,0.5256608690106077
0.14000002,0.531155596,5.271999999978405e-06,-0.4172847,-0.4634530739422189,0.052825905,0.0412753415730549,0.28080034,0.2859913358697667,0.40703765,0.4241908129260991,0.51560175,0.5314296930882847
0.16000003,0.537419634,3.867999999984661e-06,-0.41067448,-0.4572423078061547,0.060859114,0.0475743144852458,0.28710815,0.2920290667461813,0.41426155,0.4304391164259868,0.5217197,0.5376731238648063
0.18000002,0.544104544,3.052000000014488e-06,-0.40438148,-0.4507226922869449,0.069159985,0.0543216974547249,0.29367787,0.2988164039998082,0.42197132,0.4371585720800794,0.5286809,0.5444228320702678
0.20000002,0.551197948,2.9759999999878772e-06,-0.39861196,-0.4435105899756308,0.07794261,0.0614142848571646,0.30050912,0.3060708109187544,0.43013787,0.4443612065369962,0.53627515,0.55165115314594
0.22000001,0.558702634,2.8679999999781105e-06,-0.3924273,-0.4359550743247382,0.08700888,0.0689539588929619,0.30767408,0.3133809740102151,0.43855175,0.4517377989250235,0.5443134,0.5589899467886426
0.24000001,0.566617832,2.735999999980976e-06,-0.38567346,-0.4280038697615964,0.096327744,0.0767856531601864,0.31540957,0.3213280169147765,0.44701788,0.4597972728006425,0.5526915,0.5667666883091442
0.26000002,0.57489674,4.679999999979145e-06,-0.37850115,-0.4196331258135615,0.105765365,0.0851714178279507,0.32341334,0.3296709066853509,0.45570248,0.4680618695638259,0.5612154,0.5752351077680942
0.28000003,0.58357178,1.639999999980546e-06,-0.37111935,-0.4111156693834346,0.11541625,0.0936750670007313,0.3319172,0.3382384803844616,0.46469247,0.476746174688742,0.5698818,0.5838324768119492
0.3,0.5926183399999999,1.919999999966393e-06,-0.363279,-0.4020746352907736,0.12524873,0.1028512728953501,0.3412508,0.3473330143897328,0.47405738,0.4858265973598463,0.5785481,0.5928726476995507
0.32000002,0.60201334,4.800000000138027e-07,-0.3554246,-0.3927139905135846,0.13517752,0.1122710695781279,0.35119513,0.3566022171726217,0.48349887,0.4953095170931192,0.5875684,0.6022511458577355
0.34,0.61174746,2.520000000005851e-06,-0.34772494,-0.3829389547609025,0.14519931,0.1220767810445977,0.36159307,0.3663512661660206,0.49318296,0.5050010305712931,0.5967784,0.6120667242648778
0.36,0.621828332,1.7359999999744247e-06,-0.340119,-0.3728792464244179,0.15518545,0.1320257314509945,0.3723707,0.3764544564037351,0.5031277,0.5151681571514928,0.60622483,0.6220580252120271
0.38000003,0.632230648,3.039999999732146e-07,-0.3323152,-0.3622928956756368,0.16520758,0.1424444479998783,0.3836245,0.3868158836557995,0.51348436,0.5254883217858151,0.6158825,0.6325956024229527
0.4,0.64294438,4.3999999999044803e-07,-0.32409623,-0.3517460306175053,0.1754054,0.1532124064760864,0.3952861,0.3975904443432227,0.5242432,0.5364149783999892,0.62596935,0.6432807350647636
0.42000002,0.653964,1.6000000000016002e-06,-0.31506354,-0.3406901550479233,0.18581083,0.1643246387902763,0.40749246,0.4085837444217759,0.535513,0.5473086814454291,0.6366379,0.6541894161200617
0.44,0.665272574,1.9480000000182686e-06,-0.3049745,-0.3293636418238748,0.19662859,0.1754243325776769,0.4198161,0.4197338329104241,0.54714984,0.5585445389006054,0.64778954,0.6654697804478928
0.46,0.676863942,1.595999999981501e-06,-0.29347745,-0.3177576774905901,0.20779322,0.1869977131282212,0.43226066,0.4314204332331428,0.559193,0.5702147062693257,0.6595831,0.6770925314922351
0.48000002,0.6887147,1.3999999999736445e-06,-0.2806944,-0.3059504272823687,0.21938355,0.1990229336370248,0.44482383,0.4433030043219332,0.57161427,0.5821004519384587,0.67177945,0.6889452350587817
0.5,0.700828484,1.2879999999881875e-06,-0.26733258,-0.2937148053460987,0.23150149,0.2111707942603971,0.45756814,0.4552751463634195,0.5843509,0.5944026787910843,0.68433046,0.7011203942965949
0.52,0.71319738,6.000000003503202e-08,-0.25364187,-0.2814913367619738,0.24401385,0.2233464893361088,0.47034773,0.4677614519896451,0.59729725,0.606657307871501,0.69739157,0.7135271403822117
0.54,0.725801276,3.4320000000143127e-06,-0.23996024,-0.2687361099087866,0.25681633,0.2361061357223661,0.48316747,0.4802344476338476,0.6105199,0.6192459746962413,0.7108032,0.7261279165250016
0.56,0.73861968,2.36000000000125e-06,-0.22653429,-0.2560416366759455,0.26992273,0.2488753265133709,0.49611792,0.4931637718618731,0.6238889,0.6321180367522174,0.7243848,0.7388373168359976
0.58,0.75165768,2.600000000185787e-07,-0.21324283,-0.2429687762487447,0.2832587,0.2619556586505496,0.50930655,0.5062618518859381,0.63734615,0.6451454714260763,0.7380494,0.7520110401528655
0.6,0.76490266,4.980000000021079e-06,-0.2001061,-0.229601123050088,0.29685637,0.2752801202223054,0.5226206,0.5193399309646338,0.6510736,0.6584774437069427,0.7518793,0.7651203341083601
0.62,0.778346468,4.535999999966122e-06,-0.18685728,-0.2161784164927667,0.31063217,0.2885937420869595,0.5361525,0.5328200546500739,0.6650418,0.6719523874926381,0.7659203,0.7786701948352857
0.64,0.79196171,3.799999999998249e-07,-0.17326266,-0.2027777369366958,0.32444033,0.3023223450945806,0.54986733,0.5464785137883155,0.67905444,0.6855034019245068,0.78005093,0.7922762907255674
0.66,0.8057537120000001,5.14400000000137e-06,-0.15921158,-0.1887733116309391,0.33836576,0.3160923889081459,0.5637817,0.5603382507833885,0.69328356,0.699407588574104,0.7943283,0.8060329471045407
0.68,0.8197130079999999,1.8399999999196836e-07,-0.14478979,-0.1748934208153514,0.3525142,0.3299563808541279,0.5777953,0.5741823986609234,0.7076108,0.713332894447376,0.8086305,0.8201051455689594
0.7,0.833835324,2.788000000020219e-06,-0.1301012,-0.1608292155870003,0.3668247,0.3441843518739915,0.59186,0.5882518472644733,0.7219997,0.7274220898543717,0.8229901,0.8340031910629477
0.72,0.8480995520000001,3.5039999999764146e-06,-0.11520526,-0.1463505593128502,0.3813788,0.3584670176132931,0.60596335,0.6026573481067317,0.73645294,0.7417123407794861,0.83745086,0.8483333382173441
0.74,0.86250246,1.199999999812462e-07,-0.10012914,-0.1320522664464078,0.3958503,0.3727819102277863,0.6201009,0.6170756558130961,0.75094306,0.7560923594719497,0.85200006,0.8628195044002496
0.76,0.8770302000000001,4.599999999976845e-06,-0.08509699,-0.1175445096305338,0.4102661,0.3874100117172929,0.63430536,0.6316414059547242,0.76543707,0.7707075945072575,0.86665237,0.8772740760323359
0.78000003,0.8916742679999998,1.7360000000188335e-06,-0.07021473,-0.1027523243974428,0.4246623,0.4020986356117646,0.6486039,0.6460842861706624,0.7800167,0.785435987971141,0.8813638,0.891963951245998
0.8,0.9064319599999999,3.799999999998249e-07,-0.05553819,-0.0881787556281779,0.43895558,0.4166542836101143,0.662904,0.6609891643456649,0.79454243,0.8003045810182812,0.89611894,0.9067366742383456
0.82,0.9212965519999999,1.496000000011932e-06,-0.0409852,-0.0732148784445598,0.45315167,0.4317887258366681,0.6772541,0.6757557412784081,0.8090532,0.8149644865479786,0.9108694,0.9215080799040152
0.84000003,0.9362592599999999,3.080000000021954e-06,-0.026568193,-0.0582396102399798,0.46738082,0.4466620036546374,0.6916314,0.6907959955715341,0.823631,0.8300370352662867,0.925617,0.936564088697196
0.86,0.95129968,1.1600000000111522e-06,-0.012086213,-0.0433351874962681,0.48162967,0.4617715323984157,0.70609707,0.7058216018049279,0.8383401,0.8449670070694992,0.94044536,0.951557894324651
0.88,0.9664339200000001,4.760000000025854e-06,0.0025822702,-0.027934779485804,0.49592048,0.4769509846446453,0.7205878,0.7209408855123911,0.8530773,0.8602755186293507,0.95541716,0.9666143676295178
0.9,0.981635754,1.1920000000387176e-06,0.017414149,-0.0126473041309509,0.51025194,0.4921406254143221,0.7350761,0.7363251976203173,0.8678213,0.8754160843382124,0.9704732,0.9818594872194808
0.92,0.9968994199999999,8.400000000019503e-07,0.032327548,0.002490101425792,0.5245675,0.5074525132222334,0.74954927,0.7514373806334333,0.8825943,0.8907324988249457,0.98565626,0.9972585327923298
0.94,1.01223092,1.0399999999854969e-06,0.04724754,0.0177458098041825,0.53884655,0.5227294786600396,0.76404375,0.7667431254958501,0.897407,0.9060442301997682,1.000885,1.012431272494723
0.96,1.0276152799999998,5.159999999992948e-06,0.062138714,0.0332165177096612,0.5531797,0.5382963056617882,0.77855086,0.7821578721195692,0.91226375,0.921484043225064,1.0161183,1.0277825618395582
0.98,1.0430533,1.2000000000789157e-06,0.07672752,0.0487942484469385,0.5675104,0.5536396870302269,0.7930237,0.7975748024327913,0.9271651,0.9370021255745088,1.0314119,1.0432365478773136
1.0,1.0585318799999999,1.600000000046009e-07,0.090799175,0.064269937473,0.5818555,0.569314028165536,0.80749863,0.813103638283792,0.9420674,0.9526005986408564,1.0468103,1.0587858817889355
