arm,n_deltas,median_s,MAD_s,max_it,rt_solve_final_s,peak_mem
n8,150,0.626130,0.000742,200,128.59,16610.9140625
n16,150,0.628844,0.000309,200,129.95,17372.8828125
n32,150,0.644637,0.000675,200,133.61,18898.443359375
n64,150,0.649869,0.000276,200,135.75,25568.34765625
n128,150,0.662840,0.000434,200,152.57,43886.859375
m1024,150,0.645201,0.001243,200,138.12,16159.0439453125
m2048,150,0.645459,0.000775,200,135.03,16471.40625
m4096,150,0.645713,0.000682,200,133.96,17096.453125
m8192,150,0.645323,0.000667,200,133.88,18346.298828125
m16384,150,0.645779,0.000692,200,134.62,22939.75
d1024,150,0.044802,0.000118,200,10.03,1059.03369140625
d2048,150,0.061902,0.000103,200,13.64,2250.39794921875
d4096,150,0.124425,0.000232,200,26.38,5067.86767578125
d8192,150,0.428881,0.000283,200,89.24,13417.5859375
d16384,150,1.518228,0.001138,200,313.14,46913.64453125
b32,150,0.241351,0.000747,200,50.22,18614.515625
b64,150,0.270087,0.000747,200,56.28,18638.666015625
b128,150,0.329178,0.000336,200,68.50,18688.546875
b256,150,0.475401,0.000280,200,98.56,18789.32421875
b512,150,0.764483,0.000257,200,158.31,18985.279296875
