it,rt_solve,rt_log,rel_l1err,peak_memory_cuda0_MB,peak_memory_cuda1_MB,peak_memory_cuda2_MB,peak_memory_cuda3_MB
0,2.3766233921051025,1.9054865837097168,0.8041747808456421,18805.966796875,18805.966796875,18806.43359375,18805.966796875
1,3.140611171722412,1.918461799621582,0.649165153503418,18985.126953125,18985.126953125,18985.59375,18985.126953125
2,3.9049270153045654,1.9314231872558594,0.498418927192688,18985.279296875,18985.279296875,18985.74609375,18985.279296875
3,4.669060468673706,1.9443557262420654,0.3324461579322815,18985.279296875,18985.279296875,18985.59375,18985.279296875
4,5.433445930480957,1.9573462009429932,0.20154432952404022,18985.279296875,18985.279296875,18985.59375,18985.279296875
5,6.197998046875,1.970355749130249,0.09565755724906921,18985.279296875,18985.279296875,18985.74609375,18985.279296875
6,6.9626665115356445,1.9833226203918457,0.05218598246574402,18985.279296875,18985.279296875,18985.74609375,18985.279296875
7,7.727306127548218,1.996286392211914,0.06855586171150208,18985.279296875,18985.279296875,18985.74609375,18985.279296875
8,8.492358684539795,2.009234666824341,0.0839124470949173,18985.279296875,18985.279296875,18985.74609375,18985.279296875
9,9.257416248321533,2.022198438644409,0.09204357862472534,18985.279296875,18985.279296875,18985.74609375,18985.279296875
10,10.02242922782898,2.0351505279541016,0.09231381863355637,18985.279296875,18985.279296875,18985.74609375,18985.279296875
11,10.784894943237305,2.0481138229370117,0.08826206624507904,18985.279296875,18985.279296875,18985.74609375,18985.279296875
12,11.54931902885437,2.0611484050750732,0.08499237149953842,18985.279296875,18985.279296875,18985.74609375,18985.279296875
13,12.313944578170776,2.0742568969726562,0.08549688756465912,18985.279296875,18985.279296875,18985.74609375,18985.279296875
14,13.078257083892822,2.0872344970703125,0.08664300292730331,18985.279296875,18985.279296875,18985.74609375,18985.279296875
15,13.843520402908325,2.1002674102783203,0.08021362870931625,18985.279296875,18985.279296875,18985.74609375,18985.279296875
16,14.608297348022461,2.1131951808929443,0.07670466601848602,18985.279296875,18985.279296875,18985.74609375,18985.279296875
17,15.37284517288208,2.1261396408081055,0.07255750149488449,18985.279296875,18985.279296875,18985.74609375,18985.279296875
18,16.136348009109497,2.139101266860962,0.07197500020265579,18985.279296875,18985.279296875,18985.74609375,18985.279296875
19,16.901479959487915,2.1520168781280518,0.06374313682317734,18985.279296875,18985.279296875,18985.74609375,18985.279296875
20,17.66563582420349,2.164952516555786,0.06134997680783272,18985.279296875,18985.279296875,18985.74609375,18985.279296875
21,18.782686471939087,2.177891969680786,0.058383237570524216,18985.126953125,18985.126953125,18985.74609375,18985.126953125
22,19.546133756637573,2.190845012664795,0.05832226201891899,18985.279296875,18985.279296875,18985.74609375,18985.279296875
23,20.310900688171387,2.203824758529663,0.0602233000099659,18985.126953125,18985.126953125,18985.74609375,18985.126953125
24,21.0753390789032,2.2167606353759766,0.05871715396642685,18985.279296875,18985.279296875,18985.59375,18985.279296875
25,21.83968997001648,2.2297279834747314,0.05912308767437935,18985.126953125,18985.126953125,18985.74609375,18985.126953125
26,22.60430145263672,2.242698907852173,0.059517305344343185,18985.279296875,18985.279296875,18985.74609375,18985.279296875
27,23.368386268615723,2.255664348602295,0.05906219780445099,18985.126953125,18985.126953125,18985.74609375,18985.126953125
28,24.133313417434692,2.2686219215393066,0.05970541015267372,18985.279296875,18985.279296875,18985.74609375,18985.279296875
29,24.897074699401855,2.2816147804260254,0.060979362577199936,18985.126953125,18985.126953125,18985.74609375,18985.126953125
30,25.662020444869995,2.294576406478882,0.05932268127799034,18985.126953125,18985.279296875,18985.74609375,18985.126953125
31,26.424721002578735,2.3075013160705566,0.05840067192912102,18985.126953125,18985.126953125,18985.74609375,18985.126953125
32,27.18942356109619,2.3204495906829834,0.05821273475885391,18985.279296875,18985.279296875,18985.74609375,18985.126953125
33,27.954101085662842,2.3333773612976074,0.056927695870399475,18985.126953125,18985.126953125,18985.74609375,18985.126953125
34,28.719338178634644,2.346367835998535,0.05719297006726265,18985.279296875,18985.279296875,18985.74609375,18985.279296875
35,29.483638048171997,2.359339714050293,0.059040043503046036,18985.126953125,18985.126953125,18985.74609375,18985.126953125
36,30.249260187149048,2.3723268508911133,0.06504533439874649,18985.126953125,18985.279296875,18985.74609375,18985.126953125
37,31.013347625732422,2.3852641582489014,0.06549732387065887,18985.126953125,18985.126953125,18985.74609375,18985.126953125
38,31.777919054031372,2.398226022720337,0.06605362147092819,18985.126953125,18985.279296875,18985.74609375,18985.279296875
39,32.540895223617554,2.411180019378662,0.05206683278083801,18985.126953125,18985.126953125,18985.74609375,18985.126953125
40,33.30548596382141,2.4241600036621094,0.051220912486314774,18985.279296875,18985.279296875,18985.59375,18985.279296875
41,34.07063674926758,2.4372236728668213,0.050957873463630676,18985.126953125,18985.126953125,18985.74609375,18985.126953125
42,35.17214298248291,2.4501545429229736,0.05021638423204422,18985.279296875,18985.279296875,18985.59375,18985.279296875
43,35.936551332473755,2.4631288051605225,0.050255030393600464,18985.126953125,18985.126953125,18985.74609375,18985.126953125
44,36.7010281085968,2.4761033058166504,0.05009640008211136,18985.126953125,18985.279296875,18985.59375,18985.279296875
45,37.46561408042908,2.4890127182006836,0.050652723759412766,18985.126953125,18985.126953125,18985.59375,18985.126953125
46,38.230304479599,2.5020177364349365,0.051191505044698715,18985.279296875,18985.279296875,18985.74609375,18985.279296875
47,38.99572515487671,2.5149612426757812,0.0497889444231987,18985.126953125,18985.126953125,18985.74609375,18985.126953125
48,39.75844621658325,2.52793025970459,0.049199119210243225,18985.126953125,18985.279296875,18985.74609375,18985.279296875
49,40.522855281829834,2.5408666133880615,0.049349404871463776,18985.126953125,18985.126953125,18985.74609375,18985.126953125
50,41.28697443008423,2.5538227558135986,0.04990202188491821,18985.279296875,18985.279296875,18985.74609375,18985.279296875
51,42.05167770385742,2.5667724609375,0.05292777717113495,18985.126953125,18985.126953125,18985.74609375,18985.126953125
52,42.815415143966675,2.5797173976898193,0.0558602511882782,18985.279296875,18985.279296875,18985.74609375,18985.279296875
53,43.579816579818726,2.592634916305542,0.05538710579276085,18985.126953125,18985.126953125,18985.74609375,18985.126953125
54,44.34444856643677,2.605619430541992,0.05480986833572388,18985.279296875,18985.279296875,18985.59375,18985.126953125
55,45.111876487731934,2.618562936782837,0.05456389859318733,18985.126953125,18985.126953125,18985.74609375,18985.126953125
56,45.87597298622131,2.631551742553711,0.05277276784181595,18985.279296875,18985.279296875,18985.74609375,18985.126953125
57,46.6404709815979,2.644519090652466,0.055677250027656555,18985.126953125,18985.126953125,18985.59375,18985.126953125
58,47.40488958358765,2.6574769020080566,0.05201593041419983,18985.126953125,18985.279296875,18985.59375,18985.279296875
59,48.16997671127319,2.670421600341797,0.04346887394785881,18985.126953125,18985.126953125,18985.59375,18985.126953125
60,48.93429183959961,2.6834168434143066,0.04302682727575302,18985.279296875,18985.279296875,18985.74609375,18985.279296875
61,49.69885563850403,2.6963860988616943,0.04284688085317612,18985.126953125,18985.126953125,18985.74609375,18985.126953125
62,50.46323204040527,2.7093665599823,0.043132342398166656,18985.279296875,18985.279296875,18985.74609375,18985.126953125
63,51.56570863723755,2.722322702407837,0.04249650985002518,18985.126953125,18985.126953125,18985.74609375,18985.126953125
64,52.330238819122314,2.7353005409240723,0.04229992255568504,18985.279296875,18985.279296875,18985.74609375,18985.279296875
65,53.09453582763672,2.7482612133026123,0.042074743658304214,18985.126953125,18985.126953125,18985.74609375,18985.126953125
66,53.859434604644775,2.7612216472625732,0.04232846200466156,18985.279296875,18985.279296875,18985.74609375,18985.126953125
67,54.623743772506714,2.7742116451263428,0.046151045709848404,18985.126953125,18985.126953125,18985.74609375,18985.126953125
68,55.388392210006714,2.787168502807617,0.04802709072828293,18985.279296875,18985.279296875,18985.59375,18985.279296875
69,56.15279150009155,2.8001413345336914,0.049177467823028564,18985.126953125,18985.126953125,18985.74609375,18985.126953125
70,56.917075395584106,2.8130948543548584,0.04750712588429451,18985.279296875,18985.279296875,18985.74609375,18985.279296875
71,57.68181371688843,2.8260481357574463,0.0449448823928833,18985.126953125,18985.126953125,18985.59375,18985.126953125
72,58.447163105010986,2.839036464691162,0.04615604504942894,18985.126953125,18985.279296875,18985.74609375,18985.126953125
73,59.21168565750122,2.8520214557647705,0.04683973640203476,18985.126953125,18985.126953125,18985.74609375,18985.126953125
74,59.97598314285278,2.865015745162964,0.04625008627772331,18985.126953125,18985.279296875,18985.59375,18985.126953125
75,60.740445613861084,2.8779337406158447,0.04602416604757309,18985.126953125,18985.126953125,18985.59375,18985.126953125
76,61.50376296043396,2.8908865451812744,0.04739193990826607,18985.279296875,18985.279296875,18985.74609375,18985.279296875
77,62.26813292503357,2.9038515090942383,0.045609284192323685,18985.126953125,18985.126953125,18985.74609375,18985.126953125
78,63.031503200531006,2.9168169498443604,0.03954445943236351,18985.126953125,18985.279296875,18985.74609375,18985.279296875
79,63.795714378356934,2.929786205291748,0.038459744304418564,18985.126953125,18985.126953125,18985.74609375,18985.126953125
80,64.55923080444336,2.942716360092163,0.03755110129714012,18985.279296875,18985.279296875,18985.74609375,18985.279296875
81,65.32282590866089,2.9556851387023926,0.03781142458319664,18985.126953125,18985.126953125,18985.74609375,18985.126953125
82,66.086501121521,2.9686660766601562,0.03874119371175766,18985.126953125,18985.279296875,18985.74609375,18985.279296875
83,66.85113787651062,2.9816203117370605,0.03722016513347626,18985.126953125,18985.126953125,18985.74609375,18985.126953125
84,67.95291686058044,2.994608163833618,0.04130161181092262,18985.279296875,18985.279296875,18985.74609375,18985.126953125
85,68.71717143058777,3.00763201713562,0.04081207141280174,18985.126953125,18985.126953125,18985.74609375,18985.126953125
86,69.4800009727478,3.020587921142578,0.04226858168840408,18985.126953125,18985.279296875,18985.74609375,18985.279296875
87,70.24462509155273,3.0335731506347656,0.04395065829157829,18985.126953125,18985.126953125,18985.74609375,18985.126953125
88,71.00898814201355,3.046536445617676,0.04239068925380707,18985.279296875,18985.279296875,18985.59375,18985.279296875
89,71.77329397201538,3.0595099925994873,0.04199963063001633,18985.126953125,18985.126953125,18985.74609375,18985.126953125
90,72.53720927238464,3.0724470615386963,0.041532449424266815,18985.279296875,18985.279296875,18985.74609375,18985.279296875
91,73.30249285697937,3.08541202545166,0.04255583882331848,18985.126953125,18985.126953125,18985.74609375,18985.126953125
92,74.06692790985107,3.0983991622924805,0.042472757399082184,18985.279296875,18985.279296875,18985.74609375,18985.279296875
93,74.8311858177185,3.1113228797912598,0.04164229333400726,18985.126953125,18985.126953125,18985.74609375,18985.126953125
94,75.59582281112671,3.1242623329162598,0.0410112664103508,18985.279296875,18985.279296875,18985.74609375,18985.126953125
95,76.36076760292053,3.1372222900390625,0.04167992249131203,18985.126953125,18985.126953125,18985.59375,18985.126953125
96,77.12525057792664,3.1501731872558594,0.04129242151975632,18985.279296875,18985.279296875,18985.74609375,18985.279296875
97,77.88883352279663,3.1631457805633545,0.04229138046503067,18985.126953125,18985.126953125,18985.74609375,18985.126953125
98,78.6527647972107,3.1760528087615967,0.03494372218847275,18985.126953125,18985.279296875,18985.74609375,18985.279296875
99,79.41776871681213,3.1890337467193604,0.03498956561088562,18985.126953125,18985.126953125,18985.74609375,18985.126953125
100,80.18195819854736,3.201962947845459,0.03457353636622429,18985.126953125,18985.279296875,18985.74609375,18985.279296875
101,80.94671034812927,3.214937448501587,0.03427378088235855,18985.126953125,18985.126953125,18985.59375,18985.126953125
102,81.71203565597534,3.2278857231140137,0.03439280390739441,18985.126953125,18985.279296875,18985.74609375,18985.279296875
103,82.47760128974915,3.240858316421509,0.034483060240745544,18985.126953125,18985.126953125,18985.74609375,18985.126953125
104,83.241215467453,3.253807783126831,0.0346926786005497,18985.126953125,18985.279296875,18985.74609375,18985.279296875
105,84.34317398071289,3.2667434215545654,0.034930236637592316,18985.126953125,18985.126953125,18985.59375,18985.126953125
106,85.10778069496155,3.279686212539673,0.035170286893844604,18985.279296875,18985.279296875,18985.74609375,18985.279296875
107,85.87248063087463,3.2926721572875977,0.03549610450863838,18985.126953125,18985.126953125,18985.74609375,18985.126953125
108,86.63786196708679,3.305617332458496,0.035708677023649216,18985.126953125,18985.279296875,18985.74609375,18985.279296875
109,87.40181708335876,3.3185431957244873,0.036052316427230835,18985.126953125,18985.126953125,18985.74609375,18985.126953125
110,88.16697287559509,3.3315210342407227,0.03609243035316467,18985.279296875,18985.279296875,18985.74609375,18985.279296875
111,88.93071055412292,3.3444690704345703,0.03642042353749275,18985.126953125,18985.126953125,18985.59375,18985.126953125
112,89.69586110115051,3.357448101043701,0.036662694066762924,18985.279296875,18985.279296875,18985.59375,18985.279296875
113,90.46000242233276,3.370454788208008,0.036899469792842865,18985.126953125,18985.126953125,18985.59375,18985.126953125
114,91.22497200965881,3.3834288120269775,0.037479061633348465,18985.126953125,18985.279296875,18985.59375,18985.279296875
115,91.98944282531738,3.396364688873291,0.03736065700650215,18985.126953125,18985.126953125,18985.74609375,18985.126953125
116,92.75487160682678,3.4093737602233887,0.0375424288213253,18985.126953125,18985.279296875,18985.59375,18985.279296875
117,93.51962208747864,3.422389507293701,0.03720487281680107,18985.126953125,18985.126953125,18985.74609375,18985.126953125
118,94.28495478630066,3.4353272914886475,0.037686899304389954,18985.279296875,18985.279296875,18985.74609375,18985.279296875
119,95.04965138435364,3.448270559310913,0.037515636533498764,18985.126953125,18985.126953125,18985.59375,18985.126953125
120,95.81426429748535,3.4612934589385986,0.03722354397177696,18985.279296875,18985.279296875,18985.74609375,18985.279296875
121,96.57899260520935,3.4742558002471924,0.037016361951828,18985.126953125,18985.126953125,18985.59375,18985.126953125
122,97.34229707717896,3.48725962638855,0.036865293979644775,18985.126953125,18985.279296875,18985.74609375,18985.279296875
123,98.10660171508789,3.5002357959747314,0.03707333654165268,18985.126953125,18985.126953125,18985.74609375,18985.126953125
124,98.87092447280884,3.5131802558898926,0.03722803667187691,18985.126953125,18985.279296875,18985.74609375,18985.279296875
125,99.63523030281067,3.5261361598968506,0.03734077885746956,18985.126953125,18985.126953125,18985.74609375,18985.126953125
126,100.73673558235168,3.5390827655792236,0.03750349581241608,18985.279296875,18985.279296875,18985.74609375,18985.279296875
127,101.50106287002563,3.5520684719085693,0.03749953582882881,18985.126953125,18985.126953125,18985.74609375,18985.126953125
128,102.2657470703125,3.5650253295898438,0.038065556436777115,18985.279296875,18985.279296875,18985.59375,18985.279296875
129,103.03052425384521,3.577937602996826,0.03805149346590042,18985.126953125,18985.126953125,18985.59375,18985.126953125
130,103.79493451118469,3.590926170349121,0.03820432722568512,18985.279296875,18985.279296875,18985.74609375,18985.126953125
131,104.55938959121704,3.6038804054260254,0.03806772083044052,18985.126953125,18985.126953125,18985.74609375,18985.126953125
132,105.3239049911499,3.6168372631073,0.03791075572371483,18985.279296875,18985.279296875,18985.74609375,18985.279296875
133,106.08835458755493,3.6298134326934814,0.03805864229798317,18985.126953125,18985.126953125,18985.74609375,18985.126953125
134,106.85296535491943,3.6427059173583984,0.0379381887614727,18985.279296875,18985.279296875,18985.74609375,18985.126953125
135,107.61744666099548,3.655665874481201,0.03748951479792595,18985.126953125,18985.126953125,18985.74609375,18985.126953125
136,108.38224148750305,3.668595552444458,0.038079168647527695,18985.279296875,18985.279296875,18985.74609375,18985.279296875
137,109.14739418029785,3.6816067695617676,0.03777438402175903,18985.126953125,18985.126953125,18985.74609375,18985.126953125
138,109.91214323043823,3.6945431232452393,0.03753212094306946,18985.279296875,18985.279296875,18985.59375,18985.126953125
139,110.67684316635132,3.7074975967407227,0.03779249265789986,18985.126953125,18985.126953125,18985.74609375,18985.126953125
140,111.4419162273407,3.7204461097717285,0.03778229281306267,18985.279296875,18985.279296875,18985.74609375,18985.279296875
141,112.20550656318665,3.7334768772125244,0.037429217249155045,18985.126953125,18985.126953125,18985.74609375,18985.126953125
142,112.9691641330719,3.746439218521118,0.037700626999139786,18985.279296875,18985.279296875,18985.74609375,18985.279296875
143,113.73466300964355,3.7594351768493652,0.03785131126642227,18985.126953125,18985.126953125,18985.59375,18985.126953125
144,114.49911856651306,3.7723793983459473,0.038159508258104324,18985.279296875,18985.279296875,18985.59375,18985.279296875
145,115.26430153846741,3.7853481769561768,0.037698425352573395,18985.126953125,18985.126953125,18985.74609375,18985.126953125
146,116.02888441085815,3.7982828617095947,0.03772837668657303,18985.279296875,18985.279296875,18985.59375,18985.279296875
147,117.1306459903717,3.811288595199585,0.037506069988012314,18985.126953125,18985.126953125,18985.59375,18985.126953125
148,117.89552187919617,3.824265718460083,0.03777919337153435,18985.279296875,18985.279296875,18985.59375,18985.279296875
149,118.66027903556824,3.8372585773468018,0.03799913823604584,18985.126953125,18985.126953125,18985.59375,18985.126953125
150,119.42471837997437,3.8502213954925537,0.038089584559202194,18985.279296875,18985.279296875,18985.74609375,18985.279296875
151,120.18931412696838,3.8631906509399414,0.038137514144182205,18985.126953125,18985.126953125,18985.74609375,18985.126953125
152,120.95265412330627,3.876152276992798,0.03806103765964508,18985.279296875,18985.279296875,18985.74609375,18985.279296875
153,121.71703290939331,3.889120101928711,0.037884194403886795,18985.126953125,18985.126953125,18985.59375,18985.126953125
154,122.48250341415405,3.9021005630493164,0.038460370153188705,18985.279296875,18985.279296875,18985.74609375,18985.279296875
155,123.24625253677368,3.915055990219116,0.038332924246788025,18985.126953125,18985.126953125,18985.74609375,18985.126953125
156,124.01080393791199,3.927992343902588,0.03806443512439728,18985.126953125,18985.279296875,18985.74609375,18985.279296875
157,124.77513766288757,3.94095778465271,0.03768697753548622,18985.126953125,18985.126953125,18985.74609375,18985.126953125
158,125.53973460197449,3.953923225402832,0.03777008503675461,18985.126953125,18985.279296875,18985.74609375,18985.126953125
159,126.30432939529419,3.96689772605896,0.03817621245980263,18985.126953125,18985.126953125,18985.74609375,18985.126953125
160,127.06886863708496,3.9799182415008545,0.0387093648314476,18985.279296875,18985.279296875,18985.74609375,18985.126953125
161,127.83247923851013,3.9928576946258545,0.03861105442047119,18985.126953125,18985.126953125,18985.74609375,18985.126953125
162,128.59695076942444,4.005822420120239,0.03811333328485489,18985.279296875,18985.279296875,18985.59375,18985.279296875
163,129.36135911941528,4.018840312957764,0.03785215690732002,18985.126953125,18985.126953125,18985.74609375,18985.126953125
164,130.12465715408325,4.0318498611450195,0.03770829364657402,18985.279296875,18985.279296875,18985.74609375,18985.279296875
165,130.88939881324768,4.044776201248169,0.0377923920750618,18985.126953125,18985.126953125,18985.59375,18985.126953125
166,131.65265321731567,4.0577616691589355,0.037817325443029404,18985.279296875,18985.279296875,18985.74609375,18985.279296875
167,132.41577887535095,4.070751428604126,0.037251126021146774,18985.126953125,18985.126953125,18985.74609375,18985.126953125
168,133.51756882667542,4.083723068237305,0.037510231137275696,18985.279296875,18985.279296875,18985.74609375,18985.279296875
169,134.28205156326294,4.09669303894043,0.03709988668560982,18985.126953125,18985.126953125,18985.74609375,18985.126953125
170,135.04666543006897,4.109628200531006,0.03695320338010788,18985.279296875,18985.279296875,18985.59375,18985.279296875
171,135.81110787391663,4.122614622116089,0.03705964982509613,18985.126953125,18985.126953125,18985.59375,18985.126953125
172,136.5753743648529,4.135542392730713,0.03704897314310074,18985.126953125,18985.279296875,18985.59375,18985.279296875
173,137.33998322486877,4.1485536098480225,0.03791869431734085,18985.126953125,18985.126953125,18985.74609375,18985.126953125
174,138.10423135757446,4.161512613296509,0.037610385566949844,18985.279296875,18985.279296875,18985.74609375,18985.126953125
175,138.8692057132721,4.174511909484863,0.037412095814943314,18985.126953125,18985.126953125,18985.74609375,18985.126953125
176,139.63301801681519,4.18744158744812,0.036921583116054535,18985.126953125,18985.279296875,18985.74609375,18985.279296875
177,140.39804434776306,4.200392484664917,0.03706737235188484,18985.126953125,18985.126953125,18985.74609375,18985.126953125
178,141.1625370979309,4.213369846343994,0.03676873445510864,18985.126953125,18985.279296875,18985.74609375,18985.279296875
179,141.92530846595764,4.2263243198394775,0.037121471017599106,18985.126953125,18985.126953125,18985.74609375,18985.126953125
180,142.68861842155457,4.239233016967773,0.037127818912267685,18985.126953125,18985.279296875,18985.74609375,18985.279296875
181,143.4531614780426,4.252177000045776,0.036979541182518005,18985.126953125,18985.126953125,18985.59375,18985.126953125
182,144.21695017814636,4.265120983123779,0.03684990480542183,18985.279296875,18985.279296875,18985.74609375,18985.279296875
183,144.9821343421936,4.278086423873901,0.03614962846040726,18985.126953125,18985.126953125,18985.74609375,18985.126953125
184,145.74647665023804,4.291029691696167,0.03708340972661972,18985.279296875,18985.279296875,18985.74609375,18985.279296875
185,146.51127767562866,4.304014444351196,0.03693981468677521,18985.126953125,18985.126953125,18985.74609375,18985.126953125
186,147.27575516700745,4.316977262496948,0.03599315509200096,18985.279296875,18985.279296875,18985.74609375,18985.279296875
187,148.04017639160156,4.329908847808838,0.03636617213487625,18985.126953125,18985.126953125,18985.74609375,18985.126953125
188,148.80472779273987,4.3428778648376465,0.03685364872217178,18985.126953125,18985.279296875,18985.74609375,18985.279296875
189,149.90691328048706,4.355867147445679,0.03717929869890213,18985.126953125,18985.126953125,18985.59375,18985.126953125
190,150.67106652259827,4.368835926055908,0.03686634078621864,18985.126953125,18985.279296875,18985.74609375,18985.279296875
191,151.43570971488953,4.381794452667236,0.03767583519220352,18985.126953125,18985.126953125,18985.74609375,18985.126953125
192,152.20043540000916,4.394728660583496,0.03782287985086441,18985.279296875,18985.279296875,18985.59375,18985.279296875
193,152.96392607688904,4.407701015472412,0.03719276189804077,18985.126953125,18985.126953125,18985.74609375,18985.126953125
194,153.72804856300354,4.420613050460815,0.03748762607574463,18985.126953125,18985.279296875,18985.59375,18985.279296875
195,154.49232840538025,4.433586597442627,0.03698662295937538,18985.126953125,18985.126953125,18985.59375,18985.126953125
196,155.2566418647766,4.4465813636779785,0.03758501261472702,18985.126953125,18985.279296875,18985.74609375,18985.279296875
197,156.0206196308136,4.459523916244507,0.03686695173382759,18985.126953125,18985.126953125,18985.59375,18985.126953125
198,156.78504705429077,4.472474098205566,0.03700440004467964,18985.126953125,18985.279296875,18985.74609375,18985.279296875
199,157.54980778694153,4.485406160354614,0.037592630833387375,18985.126953125,18985.126953125,18985.74609375,18985.126953125
200,158.3145773410797,6.3701558113098145,0.0375165194272995,18985.279296875,18985.279296875,18985.59375,18985.126953125
