dim,r,mean_rel_l1err,sd_rel_l1err,n,mean_rt_solve,mean_peak_mem_mb,final_iters
scpx10k,75,9.584547e-03,9.506809e-04,5,3928.1,18836,6000|6000|6000|6000|6000
scpx10k,150,6.805286e-03,8.370669e-04,5,3938.5,18845,6000|6000|6000|6000|6000
scpx10k,300,6.609972e-03,5.511011e-04,5,3936.6,18862,6000|6000|6000|6000|6000
scpx10k,600,5.980480e-03,5.051140e-04,5,3955.5,18898,6000|6000|6000|6000|6000
scpx10k,1200,6.049763e-03,1.661585e-04,5,3979.4,18971,6000|6000|6000|6000|6000
scpx5k,75,1.233304e-02,1.157469e-03,5,1248.5,6542,6000|6000|6000|6000|6000
scpx5k,150,1.077986e-02,1.020545e-03,5,1237.1,6530,6000|6000|6000|6000|6000
scpx5k,300,8.783001e-03,5.105487e-04,5,1243.7,6539,6000|6000|6000|6000|6000
scpx5k,600,8.718853e-03,2.501462e-04,5,1250.2,6555,6000|6000|6000|6000|6000
scpx5k,1200,8.177938e-03,3.564558e-04,5,1574.7,6603,6000|6000|6000|6000|6000
