case,arm,group,jhat,jstar
rho_75,seed1_r0,0,1.710358738899231,1.7052702903747559
rho_75,seed1_r0,1,1.718610405921936,1.7052702903747559
rho_75,seed1_r0,2,1.7180932760238647,1.7052702903747559
rho_75,seed1_r0,3,1.7146663665771484,1.7052702903747559
rho_75,seed1_r0,4,1.7125968933105469,1.7052702903747559
rho_75,seed1_r0,5,1.7169921398162842,1.7052702903747559
rho_75,seed1_r0,6,1.7159571647644043,1.7052702903747559
rho_75,seed1_r0,7,1.716828465461731,1.7052702903747559
rho_75,seed2_r0,0,1.713104486465454,1.7052702903747559
rho_75,seed2_r0,1,1.7181599140167236,1.7052702903747559
rho_75,seed2_r0,2,1.7176525592803955,1.7052702903747559
rho_75,seed2_r0,3,1.7141764163970947,1.7052702903747559
rho_75,seed2_r0,4,1.7122564315795898,1.7052702903747559
rho_75,seed2_r0,5,1.7164599895477295,1.7052702903747559
rho_75,seed2_r0,6,1.715508222579956,1.7052702903747559
rho_75,seed2_r0,7,1.7164576053619385,1.7052702903747559
rho_75,seed3_r0,0,1.7202134132385254,1.7052702903747559
rho_75,seed3_r0,1,1.7188369035720825,1.7052702903747559
rho_75,seed3_r0,2,1.718245267868042,1.7052702903747559
rho_75,seed3_r0,3,1.7147207260131836,1.7052702903747559
rho_75,seed3_r0,4,1.7127981185913086,1.7052702903747559
rho_75,seed3_r0,5,1.7171695232391357,1.7052702903747559
rho_75,seed3_r0,6,1.716082215309143,1.7052702903747559
rho_75,seed3_r0,7,1.7169630527496338,1.7052702903747559
rho_75,seed4_r0,0,1.7190687656402588,1.7052702903747559
rho_75,seed4_r0,1,1.7182912826538086,1.7052702903747559
rho_75,seed4_r0,2,1.7177345752716064,1.7052702903747559
rho_75,seed4_r0,3,1.7143604755401611,1.7052702903747559
rho_75,seed4_r0,4,1.7123034000396729,1.7052702903747559
rho_75,seed4_r0,5,1.7167117595672607,1.7052702903747559
rho_75,seed4_r0,6,1.7157268524169922,1.7052702903747559
rho_75,seed4_r0,7,1.7165839672088623,1.7052702903747559
rho_75,seed5_r0,0,1.717930555343628,1.7052702903747559
rho_75,seed5_r0,1,1.7186493873596191,1.7052702903747559
rho_75,seed5_r0,2,1.7181953191757202,1.7052702903747559
rho_75,seed5_r0,3,1.714747667312622,1.7052702903747559
rho_75,seed5_r0,4,1.7127630710601807,1.7052702903747559
rho_75,seed5_r0,5,1.7171686887741089,1.7052702903747559
rho_75,seed5_r0,6,1.716051697731018,1.7052702903747559
rho_75,seed5_r0,7,1.7169339656829834,1.7052702903747559
rho_150,seed1_r0,0,1.7152628898620605,1.7052702903747559
rho_150,seed1_r0,1,1.7164183855056763,1.7052702903747559
rho_150,seed1_r0,2,1.7158849239349365,1.7052702903747559
rho_150,seed1_r0,3,1.7124249935150146,1.7052702903747559
rho_150,seed1_r0,4,1.710404396057129,1.7052702903747559
rho_150,seed1_r0,5,1.7147067785263062,1.7052702903747559
rho_150,seed1_r0,6,1.7137632369995117,1.7052702903747559
rho_150,seed1_r0,7,1.7146018743515015,1.7052702903747559
rho_150,seed2_r0,0,1.7149152755737305,1.7052702903747559
rho_150,seed2_r0,1,1.7162801027297974,1.7052702903747559
rho_150,seed2_r0,2,1.715728521347046,1.7052702903747559
rho_150,seed2_r0,3,1.7122983932495117,1.7052702903747559
rho_150,seed2_r0,4,1.7102479934692383,1.7052702903747559
rho_150,seed2_r0,5,1.7145869731903076,1.7052702903747559
rho_150,seed2_r0,6,1.7135658264160156,1.7052702903747559
rho_150,seed2_r0,7,1.7144584655761719,1.7052702903747559
rho_150,seed3_r0,0,1.7145295143127441,1.7052702903747559
rho_150,seed3_r0,1,1.7163898944854736,1.7052702903747559
rho_150,seed3_r0,2,1.7158641815185547,1.7052702903747559
rho_150,seed3_r0,3,1.7124040126800537,1.7052702903747559
rho_150,seed3_r0,4,1.7103952169418335,1.7052702903747559
rho_150,seed3_r0,5,1.7147395610809326,1.7052702903747559
rho_150,seed3_r0,6,1.7137013673782349,1.7052702903747559
rho_150,seed3_r0,7,1.7146167755126953,1.7052702903747559
rho_150,seed4_r0,0,1.7161345481872559,1.7052702903747559
rho_150,seed4_r0,1,1.7165062427520752,1.7052702903747559
rho_150,seed4_r0,2,1.715961217880249,1.7052702903747559
rho_150,seed4_r0,3,1.7125253677368164,1.7052702903747559
rho_150,seed4_r0,4,1.7104743719100952,1.7052702903747559
rho_150,seed4_r0,5,1.7149016857147217,1.7052702903747559
rho_150,seed4_r0,6,1.7138524055480957,1.7052702903747559
rho_150,seed4_r0,7,1.7147514820098877,1.7052702903747559
rho_150,seed5_r0,0,1.7148945331573486,1.7052702903747559
rho_150,seed5_r0,1,1.7165757417678833,1.7052702903747559
rho_150,seed5_r0,2,1.716090440750122,1.7052702903747559
rho_150,seed5_r0,3,1.712634801864624,1.7052702903747559
rho_150,seed5_r0,4,1.7105739116668701,1.7052702903747559
rho_150,seed5_r0,5,1.714919924736023,1.7052702903747559
rho_150,seed5_r0,6,1.7139666080474854,1.7052702903747559
rho_150,seed5_r0,7,1.7148280143737793,1.7052702903747559
rho_300,seed1_r0,0,1.7082290649414062,1.7052702903747559
rho_300,seed1_r0,1,1.7156542539596558,1.7052702903747559
rho_300,seed1_r0,2,1.715158462524414,1.7052702903747559
rho_300,seed1_r0,3,1.7116937637329102,1.7052702903747559
rho_300,seed1_r0,4,1.7096202373504639,1.7052702903747559
rho_300,seed1_r0,5,1.7139992713928223,1.7052702903747559
rho_300,seed1_r0,6,1.7130082845687866,1.7052702903747559
rho_300,seed1_r0,7,1.7138988971710205,1.7052702903747559
rho_300,seed2_r0,0,1.7074637413024902,1.7052702903747559
rho_300,seed2_r0,1,1.7156519889831543,1.7052702903747559
rho_300,seed2_r0,2,1.715092658996582,1.7052702903747559
rho_300,seed2_r0,3,1.7116808891296387,1.7052702903747559
rho_300,seed2_r0,4,1.709610939025879,1.7052702903747559
rho_300,seed2_r0,5,1.7140016555786133,1.7052702903747559
rho_300,seed2_r0,6,1.7129788398742676,1.7052702903747559
rho_300,seed2_r0,7,1.713886022567749,1.7052702903747559
rho_300,seed3_r0,0,1.712010383605957,1.7052702903747559
rho_300,seed3_r0,1,1.7157716751098633,1.7052702903747559
rho_300,seed3_r0,2,1.7152080535888672,1.7052702903747559
rho_300,seed3_r0,3,1.711779236793518,1.7052702903747559
rho_300,seed3_r0,4,1.7097371816635132,1.7052702903747559
rho_300,seed3_r0,5,1.7140940427780151,1.7052702903747559
rho_300,seed3_r0,6,1.713084101676941,1.7052702903747559
rho_300,seed3_r0,7,1.7139849662780762,1.7052702903747559
rho_300,seed4_r0,0,1.7157611846923828,1.7052702903747559
rho_300,seed4_r0,1,1.7157717943191528,1.7052702903747559
rho_300,seed4_r0,2,1.7152223587036133,1.7052702903747559
rho_300,seed4_r0,3,1.7117706537246704,1.7052702903747559
rho_300,seed4_r0,4,1.7097254991531372,1.7052702903747559
rho_300,seed4_r0,5,1.7140802145004272,1.7052702903747559
rho_300,seed4_r0,6,1.7130873203277588,1.7052702903747559
rho_300,seed4_r0,7,1.7140064239501953,1.7052702903747559
rho_300,seed5_r0,0,1.7129405736923218,1.7052702903747559
rho_300,seed5_r0,1,1.7157847881317139,1.7052702903747559
rho_300,seed5_r0,2,1.7152628898620605,1.7052702903747559
rho_300,seed5_r0,3,1.7117810249328613,1.7052702903747559
rho_300,seed5_r0,4,1.7097313404083252,1.7052702903747559
rho_300,seed5_r0,5,1.714097023010254,1.7052702903747559
rho_300,seed5_r0,6,1.7130802869796753,1.7052702903747559
rho_300,seed5_r0,7,1.7140097618103027,1.7052702903747559
rho_600,seed1_r0,0,1.711535930633545,1.7052702903747559
rho_600,seed1_r0,1,1.7154850959777832,1.7052702903747559
rho_600,seed1_r0,2,1.714942455291748,1.7052702903747559
rho_600,seed1_r0,3,1.711517572402954,1.7052702903747559
rho_600,seed1_r0,4,1.7094378471374512,1.7052702903747559
rho_600,seed1_r0,5,1.7138245105743408,1.7052702903747559
rho_600,seed1_r0,6,1.7128126621246338,1.7052702903747559
rho_600,seed1_r0,7,1.7137223482131958,1.7052702903747559
rho_600,seed2_r0,0,1.7096285820007324,1.7052702903747559
rho_600,seed2_r0,1,1.7154208421707153,1.7052702903747559
rho_600,seed2_r0,2,1.7148633003234863,1.7052702903747559
rho_600,seed2_r0,3,1.711438536643982,1.7052702903747559
rho_600,seed2_r0,4,1.7093698978424072,1.7052702903747559
rho_600,seed2_r0,5,1.7137458324432373,1.7052702903747559
rho_600,seed2_r0,6,1.7127230167388916,1.7052702903747559
rho_600,seed2_r0,7,1.7136549949645996,1.7052702903747559
rho_600,seed3_r0,0,1.7164369821548462,1.7052702903747559
rho_600,seed3_r0,1,1.7154252529144287,1.7052702903747559
rho_600,seed3_r0,2,1.7148751020431519,1.7052702903747559
rho_600,seed3_r0,3,1.7114356756210327,1.7052702903747559
rho_600,seed3_r0,4,1.7093982696533203,1.7052702903747559
rho_600,seed3_r0,5,1.7137444019317627,1.7052702903747559
rho_600,seed3_r0,6,1.712728500366211,1.7052702903747559
rho_600,seed3_r0,7,1.7136402130126953,1.7052702903747559
rho_600,seed4_r0,0,1.7153992652893066,1.7052702903747559
rho_600,seed4_r0,1,1.7154240608215332,1.7052702903747559
rho_600,seed4_r0,2,1.7148973941802979,1.7052702903747559
rho_600,seed4_r0,3,1.7114529609680176,1.7052702903747559
rho_600,seed4_r0,4,1.7093896865844727,1.7052702903747559
rho_600,seed4_r0,5,1.713787317276001,1.7052702903747559
rho_600,seed4_r0,6,1.7127562761306763,1.7052702903747559
rho_600,seed4_r0,7,1.7136738300323486,1.7052702903747559
rho_600,seed5_r0,0,1.714034080505371,1.7052702903747559
rho_600,seed5_r0,1,1.7154508829116821,1.7052702903747559
rho_600,seed5_r0,2,1.7149245738983154,1.7052702903747559
rho_600,seed5_r0,3,1.7115007638931274,1.7052702903747559
rho_600,seed5_r0,4,1.7094321250915527,1.7052702903747559
rho_600,seed5_r0,5,1.7138264179229736,1.7052702903747559
rho_600,seed5_r0,6,1.7128227949142456,1.7052702903747559
rho_600,seed5_r0,7,1.7137373685836792,1.7052702903747559
rho_1200,seed1_r0,0,1.7127282619476318,1.7052702903747559
rho_1200,seed1_r0,1,1.7152795791625977,1.7052702903747559
rho_1200,seed1_r0,2,1.714745283126831,1.7052702903747559
rho_1200,seed1_r0,3,1.711321473121643,1.7052702903747559
rho_1200,seed1_r0,4,1.7092421054840088,1.7052702903747559
rho_1200,seed1_r0,5,1.713614821434021,1.7052702903747559
rho_1200,seed1_r0,6,1.712615966796875,1.7052702903747559
rho_1200,seed1_r0,7,1.7135064601898193,1.7052702903747559
rho_1200,seed2_r0,0,1.713469386100769,1.7052702903747559
rho_1200,seed2_r0,1,1.7152849435806274,1.7052702903747559
rho_1200,seed2_r0,2,1.7147281169891357,1.7052702903747559
rho_1200,seed2_r0,3,1.7112956047058105,1.7052702903747559
rho_1200,seed2_r0,4,1.7092355489730835,1.7052702903747559
rho_1200,seed2_r0,5,1.713624119758606,1.7052702903747559
rho_1200,seed2_r0,6,1.7125895023345947,1.7052702903747559
rho_1200,seed2_r0,7,1.7135100364685059,1.7052702903747559
rho_1200,seed3_r0,0,1.7187108993530273,1.7052702903747559
rho_1200,seed3_r0,1,1.7152976989746094,1.7052702903747559
rho_1200,seed3_r0,2,1.7147471904754639,1.7052702903747559
rho_1200,seed3_r0,3,1.7113070487976074,1.7052702903747559
rho_1200,seed3_r0,4,1.7092729806900024,1.7052702903747559
rho_1200,seed3_r0,5,1.7136321067810059,1.7052702903747559
rho_1200,seed3_r0,6,1.7126071453094482,1.7052702903747559
rho_1200,seed3_r0,7,1.7135145664215088,1.7052702903747559
rho_1200,seed4_r0,0,1.709836721420288,1.7052702903747559
rho_1200,seed4_r0,1,1.715376615524292,1.7052702903747559
rho_1200,seed4_r0,2,1.7148232460021973,1.7052702903747559
rho_1200,seed4_r0,3,1.7113699913024902,1.7052702903747559
rho_1200,seed4_r0,4,1.7093396186828613,1.7052702903747559
rho_1200,seed4_r0,5,1.7136895656585693,1.7052702903747559
rho_1200,seed4_r0,6,1.7126588821411133,1.7052702903747559
rho_1200,seed4_r0,7,1.71360182762146,1.7052702903747559
rho_1200,seed5_r0,0,1.7123172283172607,1.7052702903747559
rho_1200,seed5_r0,1,1.7153253555297852,1.7052702903747559
rho_1200,seed5_r0,2,1.714813232421875,1.7052702903747559
rho_1200,seed5_r0,3,1.7113515138626099,1.7052702903747559
rho_1200,seed5_r0,4,1.7092804908752441,1.7052702903747559
rho_1200,seed5_r0,5,1.7136681079864502,1.7052702903747559
rho_1200,seed5_r0,6,1.7126381397247314,1.7052702903747559
rho_1200,seed5_r0,7,1.7135717868804932,1.7052702903747559
