case,arm,seed,rc_signed_fp32,jhat_origin_fp32,jhat_group_mc_se,v_reference_origin,M_cost,groups
rho_75,seed1_r0,1,0.00600646186704308,1.7155129313468933,0.0010013759101659269,1.7052702903747559,4096,8
rho_75,seed2_r0,2,0.005982431545565964,1.7154719531536102,0.0007506201167912891,1.7052702903747559,4096,8
rho_75,seed3_r0,3,0.006807344421232416,1.7168786525726318,0.000832985798832591,1.7052702903747559,4096,8
rho_75,seed4_r0,4,0.006495946408083863,1.7163476347923279,0.0007790146161574445,1.7052702903747559,4096,8
rho_75,seed5_r0,5,0.006617574787952948,1.716555044054985,0.0006993361201376902,1.7052702903747559,4096,8
rho_150,seed1_r0,1,0.005226822117039515,1.714183434844017,0.0006950602394582125,1.7052702903747559,4096,8
rho_150,seed2_r0,2,0.005125230656132985,1.7140101939439774,0.0006910112413990263,1.7052702903747559,4096,8
rho_150,seed3_r0,3,0.005166204538826148,1.7140800654888153,0.0006810450271375478,1.7052702903747559,4096,8
rho_150,seed4_r0,4,0.005347026154217411,1.7143884152173996,0.0007255679231580935,1.7052702903747559,4096,8
rho_150,seed5_r0,5,0.005301333590216013,1.714310497045517,0.0006835848519916242,1.7052702903747559,4096,8
rho_300,seed1_r0,1,0.004332151402699673,1.712657779455185,0.0009302899269845637,1.7052702903747559,4096,8
rho_300,seed2_r0,2,0.00426650930272291,1.7125458419322968,0.0009948702052734349,1.7052702903747559,4096,8
rho_300,seed3_r0,3,0.004655223782936745,1.7132087051868439,0.0007007517506416699,1.7052702903747559,4096,8
rho_300,seed4_r0,4,0.004930532622376029,1.7136781811714172,0.0007438731973045797,1.7052702903747559,4096,8
rho_300,seed5_r0,5,0.0047298488539965905,1.7133359611034393,0.0006862924223998431,1.7052702903747559,4096,8
rho_600,seed1_r0,1,0.004479942248933298,1.7129098027944565,0.0007090042578255355,1.7052702903747559,4096,8
rho_600,seed2_r0,2,0.004301567357183343,1.7126056253910065,0.0008032566218411227,1.7052702903747559,4096,8
rho_600,seed3_r0,3,0.004802909769585743,1.713460549712181,0.0008014623759816945,1.7052702903747559,4096,8
rho_600,seed4_r0,4,0.004736673465296091,1.7133475989103317,0.0007419455470195302,1.7052702903747559,4096,8
rho_600,seed5_r0,5,0.0046595754556987825,1.7132161259651184,0.0006897459636727349,1.7052702903747559,4096,8
rho_1200,seed1_r0,1,0.004463488032445513,1.7128817439079285,0.0006804104904571081,1.7052702903747559,4096,8
rho_1200,seed2_r0,2,0.004513575960702542,1.7129671573638916,0.000685477877559468,1.7052702903747559,4096,8
rho_1200,seed3_r0,3,0.004905916834884743,1.7136362046003342,0.0009935851867946407,1.7052702903747559,4096,8
rho_1200,seed4_r0,4,0.004290679436979529,1.712587058544159,0.0007863122784553292,1.7052702903747559,4096,8
rho_1200,seed5_r0,5,0.004457030429692208,1.7128707319498062,0.0006876992120128599,1.7052702903747559,4096,8
