s_of_diag_for_vtrue,vtrue_diag,s_of_diag_for_vappr,vappr_diag
-1.0,0.2533913,-1.0,0.30563778
-0.98,0.2534022,-0.98,0.29401246
-0.96,0.25292534,-0.96,0.2819746
-0.94,0.25171995,-0.94,0.26968032
-0.92,0.24950127,-0.92,0.25727051
-0.9,0.24594405,-0.9,0.24470212
-0.88,0.24067882,-0.88,0.2319847
-0.86,0.2332845,-0.86,0.21897301
-0.84000003,0.22329979,-0.84000003,0.2054396
-0.82,0.2102293,-0.82,0.19130823
-0.8,0.19353007,-0.8,0.17630589
-0.78000003,0.17264996,-0.78000003,0.1601108
-0.76,0.1470242,-0.76,0.14220202
-0.74,0.116105504,-0.74,0.12067904
-0.72,0.07940571,-0.72,0.092378385
-0.7,0.036480315,-0.7,0.052041173
-0.68,-0.012954952,-0.68,-0.002105908
-0.66,-0.06905181,-0.66,-0.068074994
-0.64,-0.13175192,-0.64,-0.1412773
-0.62,-0.20072891,-0.62,-0.21767843
-0.6,-0.27543175,-0.6,-0.29591078
-0.58,-0.35496768,-0.58,-0.3753139
-0.56,-0.43811268,-0.56,-0.454966
-0.54,-0.52340215,-0.54,-0.53482544
-0.52,-0.6090488,-0.52,-0.61401
-0.5,-0.69313186,-0.5,-0.6916615
-0.48000002,-0.773546,-0.48000002,-0.76688635
-0.46,-0.84828043,-0.46,-0.8367593
-0.44,-0.915446,-0.44,-0.89771664
-0.42000002,-0.9733919,-0.42000002,-0.9473593
-0.4,-1.0208807,-0.4,-0.98518294
-0.38000003,-1.057306,-0.38000003,-1.0141027
-0.36,-1.0825353,-0.36,-1.0357021
-0.34,-1.097153,-0.34,-1.052121
-0.32000002,-1.1023339,-0.32000002,-1.0648801
-0.3,-1.0998163,-0.3,-1.0749718
-0.28000003,-1.0917041,-0.28000003,-1.082703
-0.26000002,-1.0803665,-0.26000002,-1.0887328
-0.24000001,-1.0681708,-0.24000001,-1.0935988
-0.22000001,-1.0572889,-0.22000001,-1.0974021
-0.20000002,-1.0495024,-0.20000002,-1.1003131
-0.18000002,-1.046042,-0.18000002,-1.1026372
-0.16000003,-1.0474743,-0.16000003,-1.1041328
-0.14000002,-1.0536603,-0.14000002,-1.1053516
-0.12000002,-1.0638744,-0.12000002,-1.1062739
-0.100000024,-1.0768077,-0.100000024,-1.1068379
-0.08000002,-1.0908142,-0.08000002,-1.1070158
-0.06000002,-1.1041296,-0.06000002,-1.1070365
-0.04000002,-1.1150768,-0.04000002,-1.1069562
-0.020000022,-1.1222456,-0.020000022,-1.1064839
2.2351742e-08,-1.1247467,2.2351742e-08,-1.1056955
0.020000022,-1.122261,0.020000022,-1.1046879
0.04000002,-1.1150614,0.04000002,-1.1035129
0.06000002,-1.104134,0.06000002,-1.1019591
0.08000002,-1.0908058,0.08000002,-1.1000657
0.100000024,-1.0768145,0.100000024,-1.0979291
0.12000002,-1.0638671,0.12000002,-1.0951741
0.14000002,-1.0536686,0.14000002,-1.0918108
0.16000003,-1.0474665,0.16000003,-1.0880405
0.18000002,-1.046036,0.18000002,-1.0837879
0.20000002,-1.0495036,0.20000002,-1.0789136
0.22000001,-1.0572879,0.22000001,-1.0736563
0.24000001,-1.0681703,0.24000001,-1.067986
0.26000002,-1.0803745,0.26000002,-1.0617031
0.28000003,-1.0917077,0.28000003,-1.0548506
0.3,-1.0998095,0.3,-1.0473602
0.32000002,-1.1023473,0.32000002,-1.0388529
0.34,-1.0971389,0.34,-1.0290701
0.36,-1.082529,0.36,-1.0173379
0.38000003,-1.0573015,0.38000003,-1.0021951
0.4,-1.020893,0.4,-0.9812013
0.42000002,-0.9733708,0.42000002,-0.94987607
0.44,-0.9154493,0.44,-0.90501875
0.46,-0.84829146,0.46,-0.8487978
0.48000002,-0.7735476,0.48000002,-0.7844774
0.5,-0.69311905,0.5,-0.7136627
0.52,-0.6090552,0.52,-0.63854825
0.54,-0.5233953,0.54,-0.5603783
0.56,-0.43811852,0.56,-0.4801364
0.58,-0.3549738,0.58,-0.3986593
0.6,-0.27543283,0.6,-0.31619686
0.62,-0.20073964,0.62,-0.23373058
0.64,-0.1317376,0.64,-0.15168118
0.66,-0.06904669,0.66,-0.071378216
0.68,-0.012953658,0.68,0.0033078468
0.7,0.036485694,0.7,0.06667367
0.72,0.07940371,0.72,0.114155106
0.74,0.116114005,0.74,0.14699163
0.76,0.14702407,0.76,0.16990761
0.78000003,0.17264976,0.78000003,0.18600875
0.8,0.19352731,0.8,0.19860247
0.82,0.21022798,0.82,0.20883481
0.84000003,0.22330254,0.84000003,0.21774329
0.86,0.23328497,0.86,0.22569239
0.88,0.24067767,0.88,0.23313765
0.9,0.24594527,0.9,0.24033457
0.92,0.24950105,0.92,0.24733168
0.94,0.2517199,0.94,0.2540781
0.96,0.25292534,0.96,0.26067126
0.98,0.25340244,0.98,0.26703525
1.0,0.25339192,1.0,0.27325383
