arm,k,t,RE_v,MAE_v
s1,0,0.0,0.0004354105877382508,0.004010215401649475
s1,1,0.03125,0.002359684180455548,0.02173321694135666
s1,2,0.0625,0.0030974522354468396,0.02852824330329895
s1,3,0.09375,0.003573102914396709,0.03290880471467972
s1,4,0.125,0.004374495315685891,0.04028894007205963
s1,5,0.15625,0.005221753937971764,0.04809308052062988
s1,6,0.1875,0.006105595884791257,0.05623330920934677
s1,7,0.21875,0.006790982188616472,0.06254632771015167
s1,8,0.25,0.006905366084755016,0.06360134482383728
s1,9,0.28125,0.00705911762596189,0.06501654535531998
s1,10,0.3125,0.00735444698804916,0.06773856282234192
s1,11,0.34375,0.007730706619821655,0.07120557874441147
s1,12,0.375,0.0075912171765509726,0.06992117315530777
s1,13,0.40625,0.007938442940495033,0.07312028855085373
s1,14,0.4375,0.008383186655477961,0.07721547782421112
s1,15,0.46875,0.008519070555035072,0.07847052812576294
s1,16,0.5,0.008227724607544286,0.07578715682029724
s1,17,0.53125,0.008353445962850745,0.07694607228040695
s1,18,0.5625,0.008844730808241703,0.08147402107715607
s1,19,0.59375,0.009317644027698427,0.0858350545167923
s1,20,0.625,0.009934530869893212,0.09151744097471237
s1,21,0.65625,0.00971114103412232,0.08945897966623306
s1,22,0.6875,0.010125977385844035,0.09328223019838333
s1,23,0.71875,0.010288711193759967,0.09478645026683807
s1,24,0.75,0.01053663343933032,0.09707067906856537
s1,25,0.78125,0.0104061743722146,0.0958671122789383
s1,26,0.8125,0.010697067784513842,0.09855256974697113
s1,27,0.84375,0.010957039978592579,0.10094590485095978
s1,28,0.875,0.011239806217895276,0.10355135798454285
s1,29,0.90625,0.011390060227586186,0.104936882853508
s1,30,0.9375,0.011518886934530934,0.10612381994724274
s1,31,0.96875,0.011764573576578436,0.10839319974184036
s2,0,0.0,8.118131643737283e-05,0.0007476955652236938
s2,1,0.03125,0.002832961765039428,0.026092208921909332
s2,2,0.0625,0.0036715274652205803,0.03381560742855072
s2,3,0.09375,0.004475364295725859,0.04121876507997513
s2,4,0.125,0.005159304282246645,0.04751700162887573
s2,5,0.15625,0.005478249849147235,0.05045544356107712
s2,6,0.1875,0.00613984543481755,0.05654875189065933
s2,7,0.21875,0.007261948789506563,0.06688402593135834
s2,8,0.25,0.007986351959676185,0.07355768233537674
s2,9,0.28125,0.008212820655498972,0.07564248889684677
s2,10,0.3125,0.008732445815620504,0.08043070137500763
s2,11,0.34375,0.009196515030289718,0.08470676839351654
s2,12,0.375,0.00980471568270401,0.0903092622756958
s2,13,0.40625,0.009809910888873088,0.09035821259021759
s2,14,0.4375,0.010882102324892137,0.10023237764835358
s2,15,0.46875,0.01107070469117488,0.10197404026985168
s2,16,0.5,0.011067577224020374,0.10194558650255203
s2,17,0.53125,0.011523737648098505,0.10614857077598572
s2,18,0.5625,0.01200314969811826,0.1105680763721466
s2,19,0.59375,0.012354042628301537,0.11380665749311447
s2,20,0.625,0.012408358068374219,0.11430647224187851
s2,21,0.65625,0.012268975677656214,0.11302173882722855
s2,22,0.6875,0.012732483059513456,0.11729380488395691
s2,23,0.71875,0.01291708174013896,0.11900074779987335
s2,24,0.75,0.012912197332460715,0.11895599961280823
s2,25,0.78125,0.013257270365994129,0.12213289737701416
s2,26,0.8125,0.0134127275851674,0.12357206642627716
s2,27,0.84375,0.013839401411212546,0.1275007575750351
s2,28,0.875,0.014214765468281676,0.1309593990445137
s2,29,0.90625,0.014294656231266644,0.13169699162244797
s2,30,0.9375,0.014202076229744441,0.1308441162109375
s2,31,0.96875,0.014767925931483255,0.13606466352939606
s3,0,0.0,0.000573951276231629,0.00528620183467865
s3,1,0.03125,0.0031567896567034517,0.029074735939502716
s3,2,0.0625,0.0044808604646845085,0.04126974940299988
s3,3,0.09375,0.00535560353717357,0.04932589828968048
s3,4,0.125,0.005375825010207923,0.049511149525642395
s3,5,0.15625,0.005473899293560942,0.05041537433862686
s3,6,0.1875,0.005830000988883153,0.05369504541158676
s3,7,0.21875,0.006729091154152308,0.061976298689842224
s3,8,0.25,0.007355081389071132,0.06774341315031052
s3,9,0.28125,0.008363433265708244,0.07702967524528503
s3,10,0.3125,0.008620142199422545,0.0793963223695755
s3,11,0.34375,0.00883821078364886,0.08140651881694794
s3,12,0.375,0.009525495209687233,0.08773741871118546
s3,13,0.40625,0.009488444862854072,0.08739721775054932
s3,14,0.4375,0.009445547514549282,0.08700062334537506
s3,15,0.46875,0.010529990120165431,0.09699343144893646
s3,16,0.5,0.010839043877765098,0.09984052181243896
s3,17,0.53125,0.011182603300226236,0.1030062809586525
s3,18,0.5625,0.011443017659327153,0.10540837049484253
s3,19,0.59375,0.011903151446240337,0.10965300351381302
s3,20,0.625,0.012294206824324012,0.11325490474700928
s3,21,0.65625,0.01250504809073513,0.11519643664360046
s3,22,0.6875,0.01280275435393434,0.11794115602970123
s3,23,0.71875,0.012883123876026258,0.11868790537118912
s3,24,0.75,0.012333544058356918,0.11362504959106445
s3,25,0.78125,0.01299178771203906,0.11968713253736496
s3,26,0.8125,0.013438820258755153,0.12381245940923691
s3,27,0.84375,0.013272445579163924,0.12227746099233627
s3,28,0.875,0.013257240781369238,0.12213780730962753
s3,29,0.90625,0.013168496423836855,0.1213216558098793
s3,30,0.9375,0.013598335954269935,0.12528184056282043
s3,31,0.96875,0.013804359538954064,0.1271868199110031
s4,0,0.0,0.0005854480662869126,0.005392089486122131
s4,1,0.03125,0.002896631543982642,0.026678621768951416
s4,2,0.0625,0.00421488214942746,0.03882002830505371
s4,3,0.09375,0.005094808268914469,0.046923935413360596
s4,4,0.125,0.00599204793670061,0.05518653988838196
s4,5,0.15625,0.00658978767909472,0.060692861676216125
s4,6,0.1875,0.00703337055374478,0.06477823108434677
s4,7,0.21875,0.0074664639221605645,0.06876765191555023
s4,8,0.25,0.007575792065558161,0.069776251912117
s4,9,0.28125,0.007907025729491512,0.07282602787017822
s4,10,0.3125,0.008375076637842703,0.07713913172483444
s4,11,0.34375,0.008877387469324306,0.08176736533641815
s4,12,0.375,0.009033789013932099,0.08320841193199158
s4,13,0.40625,0.009436097777735075,0.08691505342721939
s4,14,0.4375,0.010277025635500231,0.09465916454792023
s4,15,0.46875,0.010329884331208596,0.09515022486448288
s4,16,0.5,0.010898860006232958,0.10039149969816208
s4,17,0.53125,0.01092490046932566,0.10063250362873077
s4,18,0.5625,0.010999309781904705,0.10132111608982086
s4,19,0.59375,0.010642947577985866,0.09804388135671616
s4,20,0.625,0.011194084814996286,0.10312052071094513
s4,21,0.65625,0.011110108048217073,0.1023462563753128
s4,22,0.6875,0.011651962630562548,0.10733986645936966
s4,23,0.71875,0.012164185856487729,0.11206457018852234
s4,24,0.75,0.01230675889810949,0.11337828636169434
s4,25,0.78125,0.012976760422522545,0.11954869329929352
s4,26,0.8125,0.013160226684284789,0.12124576419591904
s4,27,0.84375,0.013455796280440467,0.12396664917469025
s4,28,0.875,0.013285603879963845,0.12239911407232285
s4,29,0.90625,0.013604652323558732,0.12533996999263763
s4,30,0.9375,0.013898285428112916,0.12804528325796127
s4,31,0.96875,0.014236780703693063,0.13117094337940216
s5,0,0.0,0.0006296620092408661,0.0057993084192276
s5,1,0.03125,0.0029154727248352527,0.02685215324163437
s5,2,0.0625,0.004166033925705769,0.038370124995708466
s5,3,0.09375,0.005018566832724263,0.046221740543842316
s5,4,0.125,0.005981644586946894,0.05509072542190552
s5,5,0.15625,0.006304277008303482,0.05806326866149902
s5,6,0.1875,0.006658894623107502,0.06132926046848297
s5,7,0.21875,0.006912204744382197,0.0636628121137619
s5,8,0.25,0.0070598497256061914,0.06502420455217361
s5,9,0.28125,0.00749418773532098,0.06902366876602173
s5,10,0.3125,0.007950716968136283,0.07323054224252701
s5,11,0.34375,0.008457951350300807,0.07790404558181763
s5,12,0.375,0.008728628855676011,0.08039764314889908
s5,13,0.40625,0.009161362738372855,0.0843844935297966
s5,14,0.4375,0.008857926889343922,0.08158819377422333
s5,15,0.46875,0.009110783221722776,0.08392088860273361
s5,16,0.5,0.00926497320780029,0.0853414535522461
s5,17,0.53125,0.009041703402455161,0.08328581601381302
s5,18,0.5625,0.009836529718423003,0.0906100645661354
s5,19,0.59375,0.010364207288820537,0.09547609835863113
s5,20,0.625,0.010788367034915253,0.09938302636146545
s5,21,0.65625,0.010807458366755215,0.09955824911594391
s5,22,0.6875,0.010914155286709222,0.1005430594086647
s5,23,0.71875,0.011412699593383509,0.10514137893915176
s5,24,0.75,0.011813018302151191,0.10882961004972458
s5,25,0.78125,0.011329124598306402,0.10436981171369553
s5,26,0.8125,0.011611624687278922,0.10697842389345169
s5,27,0.84375,0.011516210326402168,0.10609747469425201
s5,28,0.875,0.012107668350511337,0.11154689639806747
s5,29,0.90625,0.012465408542707154,0.11484409123659134
s5,30,0.9375,0.012513695405094435,0.11528901755809784
s5,31,0.96875,0.01291074196407443,0.11895345151424408
