s,err_5seed_mean_S0,err_5seed_sd_S0,err_5seed_mean_S1,err_5seed_sd_S1
-1.0,0.009963800000000012,0.0016422524093451746,-0.010641939999999961,0.005702221813503908
-0.98,0.013865840000000063,0.0015295848333452702,0.0005720200000000286,0.004541766975704445
-0.96,0.016885940000000054,0.00138305271569817,0.01032519999999999,0.003601149819710361
-0.94,0.019399539999999993,0.0012643516245095926,0.017783539999999976,0.0025688429843803698
-0.92,0.021129020000000054,0.0012160145120844118,0.02319661999999991,0.0017426964525125647
-0.9,0.022305980000000013,0.0011749423754380012,0.02706200000000005,0.0014630377889856595
-0.88,0.02261236000000002,0.001167431532210811,0.029942179999999975,0.0013880860814805302
-0.86,0.022117200000000014,0.001189951405730501,0.03190416000000003,0.001022526957297415
-0.84000003,0.021446120000000013,0.0012190295343428037,0.03198324000000001,0.0010677304633660888
-0.82,0.02046011999999999,0.001121960229954684,0.030722020000000017,0.001521246989019236
-0.8,0.019289120000000003,0.001051469907129952,0.028737620000000064,0.0019659061599171398
-0.78000003,0.01808740000000002,0.0009277071175753318,0.026544999999999996,0.002484367780341676
-0.76,0.016714459999999987,0.0009028986135774419,0.023747979999999957,0.002484974995769528
-0.74,0.015336620000000023,0.0010127011215556223,0.020197440000000056,0.0019382418369233818
-0.72,0.013939360000000001,0.0011317410403444456,0.01591765999999999,0.0015540184163645174
-0.7,0.012426780000000016,0.0010967431210634003,0.012191379999999929,0.0013994073565620963
-0.68,0.011128940000000042,0.0011880714062714895,0.008411780000000002,0.0011723742805093773
-0.66,0.009724699999999942,0.0011265098863303224,0.004920680000000033,0.00092810850313957
-0.64,0.00835265999999999,0.0010516580672442657,0.0014588400000000057,0.0008459957011710689
-0.62,0.0072503600000000555,0.0009329825991946293,-0.001964640000000006,0.0010694796465571471
-0.6,0.006233019999999989,0.0008637267841163635,-0.005147619999999931,0.0012223202369265104
-0.58,0.005420679999999933,0.0007449077967104582,-0.008035520000000008,0.0015223169937960536
-0.56,0.005016799999999932,0.000697185725614053,-0.010903619999999937,0.0017923188236471596
-0.54,0.004534999999999956,0.0006467898669583957,-0.013812360000000013,0.0020500322305759353
-0.52,0.004412299999999991,0.0005965784944162743,-0.016208340000000022,0.0022566020806513787
-0.5,0.004571459999999972,0.0006431060242293779,-0.01812934000000004,0.002583106229019561
-0.48000002,0.0048284399999999564,0.000748037139719647,-0.01930784000000001,0.0026331534483201064
-0.46,0.005354919999999952,0.00074241167932617,-0.019844799999999996,0.00263070826128633
-0.44,0.00578997999999995,0.0007239195021547843,-0.01990928000000003,0.0027680753482519477
-0.42000002,0.006499760000000032,0.0007008670875423087,-0.01949228000000005,0.0027660970571546637
-0.4,0.007259740000000026,0.0006960614990071109,-0.01886924000000003,0.0030125366431631388
-0.38000003,0.008164759999999927,0.0007470175087639884,-0.01759320000000004,0.003262013901871061
-0.36,0.00899075999999992,0.0007643984003122416,-0.015581680000000065,0.0033956117454148954
-0.34,0.009827159999999946,0.0008330933863619456,-0.01306620000000005,0.0033135644747009294
-0.32000002,0.01068642000000004,0.000934145340725932,-0.010201160000000088,0.0032888857989295064
-0.3,0.011568440000000013,0.0010146521189057618,-0.007037699999999925,0.003333215198573336
-0.28000003,0.012237080000000011,0.0010616315451228786,-0.0038707200000000163,0.003357770361058104
-0.26000002,0.012835680000000016,0.0011109895974311236,-0.0006280600000000191,0.003509792370269214
-0.24000001,0.013439280000000099,0.0011815432677647038,0.0026594399999999574,0.0035323093763712544
-0.22000001,0.013811499999999954,0.0011853034868758033,0.005820599999999931,0.0034431027512986856
-0.20000002,0.014178920000000029,0.0012562658960586384,0.00855889999999988,0.0033593316799626132
-0.18000002,0.014313500000000002,0.0012750649740307575,0.011456559999999883,0.003299234597660441
-0.16000003,0.014154400000000011,0.0012034355072042227,0.014039360000000034,0.0033597307246859874
-0.14000002,0.013847919999999991,0.001112413711529985,0.016166520000000073,0.0034320498850687756
-0.12000002,0.013390300000000011,0.0010557926178942653,0.018074859999999936,0.0036032225541035756
-0.100000024,0.012786779999999975,0.0010507850387210579,0.019502980000000038,0.0036738281927168157
-0.08000002,0.011806660000000057,0.0009937199215070296,0.020284740000000044,0.0036767483006590845
-0.06000002,0.010777919999999951,0.0009972339171930495,0.020508900000000097,0.0036250614549273997
-0.04000002,0.009366280000000015,0.000997520290319933,0.020270719999999985,0.0035241469988637367
-0.020000022,0.007952119999999941,0.0010823116249952984,0.019610139999999943,0.003516424321153514
2.2351742e-08,0.006641700000000039,0.0011611412765034123,0.018562220000000008,0.0034593379698433816
0.020000022,0.005455460000000079,0.0012927326786307495,0.016998000000000024,0.0032918959060092307
0.04000002,0.0040445200000000184,0.0013426747341034947,0.015079259999999994,0.0029621469218119485
0.06000002,0.003138119999999933,0.0014338193169293962,0.012964520000000057,0.002760477590852744
0.08000002,0.002121860000000009,0.0015611291779990201,0.010443380000000025,0.002681709402153862
0.100000024,0.0014830400000000131,0.0016354280009832228,0.007945119999999983,0.002598032451991303
0.12000002,0.0008102200000000171,0.0017305100223922983,0.005474919999999983,0.0024944960728772118
0.14000002,0.00046573999999997005,0.0018187952810583578,0.0028412599999999345,0.002437845223635024
0.16000003,0.00016149999999997,0.0018292500266502403,0.0005108799999999469,0.0022918548788263813
0.18000002,7.61600000000584e-05,0.0019378800361219836,-0.0015981000000000023,0.0021732067384397312
0.20000002,0.0001383200000000251,0.00203602787446536,-0.003766079999999938,0.002086420470950211
0.22000001,0.00045037999999997247,0.0020935689273582784,-0.0055663000000000015,0.002127393095786524
0.24000001,0.0009605200000000647,0.0021601970256437883,-0.006620340000000047,0.0021417703243812648
0.26000002,0.0011937799999999666,0.0022241298994438714,-0.0075309400000000085,0.00209953329918813
0.28000003,0.001989339999999995,0.0023105168258205837,-0.007888199999999923,0.002047902422480173
0.3,0.0025800600000000173,0.0022878691086685933,-0.008139800000000008,0.0019401015097154496
0.32000002,0.0033209999999999963,0.002320482301591599,-0.007697979999999926,0.001685965951494873
0.34,0.004043080000000065,0.0022743669083065484,-0.0065722000000000055,0.0015606262050856
0.36,0.004739559999999976,0.0022364727797135673,-0.004959300000000022,0.0016183075640928129
0.38000003,0.005247619999999964,0.0021935547218157646,-0.003135760000000021,0.0014648577304298867
0.4,0.005614499999999989,0.0021619910989641267,-0.0007846599999999704,0.0015058539512183627
0.42000002,0.005930899999999984,0.002108376025285798,0.0019090799999999409,0.0015787613934980487
0.44,0.005855060000000067,0.002110218786382111,0.004871520000000018,0.0015501806983703394
0.46,0.005797659999999949,0.002078745938877567,0.007645340000000012,0.001203998142191298
0.48000002,0.005562919999999938,0.002049368693427316,0.010303079999999997,0.0008197792639484827
0.5,0.005056680000000036,0.0020090062413043604,0.012786160000000102,0.0009546416932021579
0.52,0.004714879999999999,0.0020573336271980727,0.014741479999999996,0.001202201953749899
0.54,0.004417880000000052,0.0020885457576026545,0.016286319999999944,0.0010775403758560632
0.56,0.0038136999999999867,0.0021375829640039668,0.017323699999999987,0.001090840617138928
0.58,0.0031605799999999905,0.002130619871680531,0.01739859999999993,0.0011766463274918842
0.6,0.002533120000000011,0.0021493554879545296,0.01718058,0.0011664559475608235
0.62,0.00194093999999998,0.0020838601187219944,0.01604011999999999,0.0015216737894831762
0.64,0.001037979999999994,0.00210440028739779,0.013812259999999998,0.0018637677340270784
0.66,0.00021682000000002865,0.002042784831938961,0.01063120000000004,0.0020468770524874925
0.68,-0.0008188400000000318,0.0020118141252113914,0.006971959999999999,0.002213935270598496
0.7,-0.0015028200000000158,0.0020471940615388665,0.0034147799999999506,0.0020753890983620507
0.72,-0.0023986000000000727,0.002079346291505964,-0.0003238399999999864,0.0020868273484886675
0.74,-0.002987840000000119,0.002196228494123479,-0.003744179999999986,0.002148231854712131
0.76,-0.0034009199999999852,0.0023738590180546553,-0.007170480000000046,0.001962361650053292
0.78000003,-0.0037168399999999656,0.0024353090962749508,-0.010303759999999995,0.001526205999988223
0.8,-0.0036449999999999426,0.0025315152679768007,-0.01254906,0.0011288015673271057
0.82,-0.003196099999999902,0.002636227945379541,-0.01371106000000002,0.0010417932723914313
0.84000003,-0.0023143799999999714,0.0027223264428793857,-0.01312454000000005,0.001487250344225841
0.86,-0.000793959999999938,0.002749561500021338,-0.010598879999999955,0.0022523231743246373
0.88,0.0013170400000000805,0.002901198004686919,-0.00618740000000022,0.002686330074283451
0.9,0.004162979999999994,0.0029977385052070934,0.000551540000000017,0.0029901807106594855
0.92,0.007708939999999931,0.003150402026154838,0.009294840000000004,0.0036028391085920885
0.94,0.011817119999999992,0.003311742055414354,0.020189359999999913,0.004298623591151137
0.96,0.016575619999999968,0.0034897645149208102,0.033480980000000035,0.004731861956312732
0.98,0.02168272,0.003703878698013761,0.04878494000000009,0.005149887467741451
1.0,0.027402259999999855,0.003917273132473603,0.06563553999999998,0.00566012797509037
