s,v_true_5seed_mean_S0,v_pred_5seed_mean_S0,v_true_5seed_mean_S1,v_pred_5seed_mean_S1
-1.0,1.5941884800000001,1.6041522799999999,1.8739469400000002,1.863305
-0.98,1.5875186,1.60138444,1.8477831200000001,1.84835514
-0.96,1.58187208,1.5987580199999998,1.8234448,1.83377
-0.94,1.57686964,1.5962691800000002,1.8012586800000001,1.81904222
-0.92,1.5728456000000002,1.59397462,1.7811949000000002,1.80439152
-0.9,1.56965292,1.5919588999999998,1.7634805199999999,1.79054252
-0.88,1.56764538,1.59025774,1.7482108799999998,1.77815306
-0.86,1.56689322,1.5890104200000001,1.73544574,1.7673499
-0.84000003,1.56697272,1.58841884,1.7252232200000002,1.7572064599999997
-0.82,1.5680348800000001,1.5884950000000002,1.7174090199999998,1.74813104
-0.8,1.57006432,1.58935344,1.71197568,1.7407133
-0.78000003,1.5728071399999997,1.59089454,1.70884568,1.73539068
-0.76,1.5763275799999998,1.5930420399999998,1.7079702600000002,1.73171824
-0.74,1.5803778999999998,1.59571452,1.7092385800000003,1.72943602
-0.72,1.5848591399999998,1.5987984999999998,1.7125761000000002,1.7284937600000003
-0.7,1.5897270200000002,1.6021538,1.71755456,1.7297459400000001
-0.68,1.5945563999999999,1.6056853400000002,1.72451838,1.73293016
-0.66,1.5995467600000002,1.60927146,1.73305044,1.7379711200000003
-0.64,1.60436968,1.6127223400000001,1.74288508,1.74434392
-0.62,1.60875428,1.6160046399999999,1.7540962399999998,1.7521315999999998
-0.6,1.6128024799999998,1.6190355,1.76675428,1.76160666
-0.58,1.6164108599999998,1.6218315399999998,1.78049006,1.77245454
-0.56,1.6192845599999999,1.6243013599999998,1.7950786600000002,1.7841750399999998
-0.54,1.62179322,1.62632822,1.81071046,1.7968981
-0.52,1.6235021800000002,1.62791448,1.8267120000000001,1.8105036599999997
-0.5,1.6245577399999998,1.6291292000000002,1.84317138,1.82504204
-0.48000002,1.6251086000000001,1.6299370400000002,1.8598135599999999,1.8405057200000001
-0.46,1.6249520200000003,1.63030694,1.8763336799999997,1.85648888
-0.44,1.6245186600000001,1.6303086399999998,1.8928277400000002,1.87291846
-0.42000002,1.6236210399999997,1.6301207999999998,1.90870872,1.8892164399999998
-0.4,1.6225627599999999,1.6298225,1.92411794,1.9052487
-0.38000003,1.62131288,1.62947764,1.9386515599999998,1.9210583600000004
-0.36,1.6202143,1.6292050599999999,1.95209988,1.9365182
-0.34,1.6192559000000002,1.62908306,1.96449718,1.95143098
-0.32000002,1.61853836,1.6292247800000002,1.9757366600000001,1.9655355
-0.3,1.61821916,1.6297875999999998,1.98560394,1.97856624
-0.28000003,1.6186402799999997,1.63087736,1.99411134,1.9902406199999998
-0.26000002,1.61972588,1.6325615599999999,2.0012276399999998,2.0005995800000003
-0.24000001,1.62147394,1.63491322,2.0069578,2.00961724
-0.22000001,1.62419036,1.63800186,2.01126528,2.01708588
-0.20000002,1.62762698,1.6418059,2.01435654,2.02291544
-0.18000002,1.63204484,1.6463583400000001,2.01584032,2.02729688
-0.16000003,1.63748622,1.6516406199999998,2.0160325200000004,2.03007188
-0.14000002,1.6437177200000002,1.65756564,2.0149627199999998,2.03112924
-0.12000002,1.65077268,1.66416298,2.0124839199999998,2.03055878
-0.100000024,1.6584861999999998,1.6712729800000001,2.00878538,2.02828836
-0.08000002,1.66701042,1.67881708,2.00393694,2.02422168
-0.06000002,1.67590866,1.68668658,1.99795172,2.01846062
-0.04000002,1.6854267,1.6947929800000001,1.9907168599999998,2.0109875799999997
-0.020000022,1.6951522799999998,1.7031043999999997,1.98235666,2.0019668000000004
2.2351742e-08,1.7049464799999998,1.7115881800000001,1.9729533,1.99151552
0.020000022,1.71471704,1.7201724999999999,1.9625795799999999,1.9795775800000002
0.04000002,1.72475996,1.7288044800000002,1.9512035600000002,1.96628282
0.06000002,1.73422056,1.7373586799999998,1.93876192,1.9517264399999998
0.08000002,1.74362094,1.7457428,1.92555604,1.93599942
0.100000024,1.75240732,1.7538903599999998,1.91145764,1.9194027599999999
0.12000002,1.7608915,1.7617017200000002,1.8965665399999998,1.90204146
0.14000002,1.76865552,1.76912126,1.8811127000000003,1.88395396
0.16000003,1.7760234799999999,1.77618498,1.86490328,1.8654141599999998
0.18000002,1.78273534,1.7828115,1.84813582,1.84653772
0.20000002,1.7889338599999998,1.7890721800000002,1.8311235,1.8273574200000002
0.22000001,1.7945438799999998,1.79499426,1.8139671,1.8084007999999998
0.24000001,1.79958368,1.8005442000000003,1.7964267200000001,1.78980638
0.26000002,1.8046332799999998,1.80582706,1.7789910599999998,1.7714601199999997
0.28000003,1.80890858,1.81089792,1.7615374,1.7536492
0.3,1.8133046199999998,1.8158846800000004,1.74478024,1.73664044
0.32000002,1.8175455799999998,1.82086658,1.72841406,1.7207160800000003
0.34,1.8219283400000001,1.8259714200000001,1.7127263,1.7061540999999998
0.36,1.8264491600000003,1.83118872,1.6981744000000003,1.6932151000000002
0.38000003,1.8314282,1.83667582,1.6849279,1.68179214
0.4,1.8368849,1.8424994000000001,1.6729210599999997,1.6721364
0.42000002,1.8427157400000003,1.8486466400000001,1.66268606,1.66459514
0.44,1.8494358800000001,1.8552909400000002,1.65424208,1.6591136
0.46,1.8566935199999999,1.86249118,1.64785312,1.65549846
0.48000002,1.8647838200000002,1.87034674,1.64383904,1.6541421200000002
0.5,1.8738102399999998,1.87886692,1.6421498799999998,1.6549360400000002
0.52,1.8834414800000001,1.88815636,1.6431379,1.65787938
0.54,1.893751,1.89816888,1.6466798,1.66296612
0.56,1.9050837200000004,1.90889742,1.6529042,1.6702279
0.58,1.91704284,1.92020342,1.66205092,1.67944952
0.6,1.92948396,1.93201708,1.67372914,1.69090972
0.62,1.9423182999999997,1.9442592400000003,1.6881520399999999,1.7041921600000003
0.64,1.9557216,1.95675958,1.7051463000000002,1.7189585600000001
0.66,1.96918164,1.9693984600000003,1.7244730400000001,1.73510424
0.68,1.98290896,1.9820901199999998,1.7461618399999999,1.7531338
0.7,1.99632042,1.9948176,1.7696768200000002,1.7730916
0.72,2.00987082,2.00747222,1.7948333399999998,1.7945095000000002
0.74,2.0229155600000004,2.01992772,1.8213403200000002,1.8175961399999998
0.76,2.03550952,2.0321086,1.8488120399999999,1.84164156
0.78000003,2.04775546,2.0440386200000003,1.8766978,1.86639404
0.8,2.05931526,2.0556702600000003,1.9049534399999999,1.8924043799999999
0.82,2.07023022,2.06703412,1.93322406,1.9195129999999998
0.84000003,2.0805439199999998,2.0782295399999997,1.96085578,1.94773124
0.86,2.0901552,2.0893612399999997,1.9877820400000001,1.9771831600000003
0.88,2.0991235799999997,2.10044062,2.0136950600000003,2.0075076600000004
0.9,2.1073925000000004,2.11155548,2.03822246,2.0387739999999996
0.92,2.11499968,2.12270862,2.0614710599999997,2.0707659000000005
0.94,2.1221448,2.13396192,2.0831999600000004,2.1033893200000002
0.96,2.1288041800000004,2.1453798,2.10321444,2.13669542
0.98,2.1352864400000002,2.15696916,2.1214690999999997,2.17025404
1.0,2.14139404,2.1687962999999995,2.13802598,2.20366152
