it,rc_mean,rc_sd,rc_mean_plus_2sd
0,0.44261162281036376,0.007203565822677743,0.45701875445571927
500,0.007592071872204479,0.0002640237477044642,0.008120119367613407
1000,0.0053196272812783,0.00017167711924433336,0.0056629815197669665
1500,0.00565074123442168,0.00016505583940833245,0.005980852913238344
2000,0.0045777110382914194,0.00022680759446467672,0.005031326227220773
2500,0.004844755213707639,0.00023997417669223702,0.005324703567092113
3000,0.00445412136614318,0.0003770558998550067,0.005208233165853194
3500,0.00484511777758592,0.00025521757053938404,0.005355552918664687
4000,0.00466143349185582,0.0003231597606823549,0.00530775301322053
4500,0.00478324312716718,0.00025655467919948814,0.0052963524855661566
5000,0.004312790418043701,0.00034646225557335655,0.0050057149291904135
5500,0.00425571547821158,0.00013994864147312216,0.004535612761157824
6000,0.00431245947256682,0.0001326059823375679,0.004577671437241956
