s_of_diag_for_vtrue,vtrue_diag,s_of_diag_for_vappr,vappr_diag,s_of_manifold_for_vtrue,vtrue_manifold,s_of_manifold_for_vappr,vappr_manifold
-1.0,1.5942477,-1.0,1.5964568,-1.0,1.8739088,-1.0,1.8463821
-0.98,1.5875806,-0.98,1.5947094,-0.98,1.8478396,-0.98,1.8350569
-0.96,1.5817803,-0.96,1.5932224,-0.96,1.8234038,-0.96,1.8246219
-0.94,1.576851,-0.94,1.5920017,-0.94,1.8012972,-0.94,1.8147418
-0.92,1.5727428,-0.92,1.5909266,-0.92,1.781204,-0.92,1.8056538
-0.9,1.5700212,-0.9,1.5900767,-0.9,1.763532,-0.9,1.7957089
-0.88,1.5678049,-0.88,1.5896097,-0.88,1.7483778,-0.88,1.7846822
-0.86,1.5667971,-0.86,1.5895401,-0.86,1.7353227,-0.86,1.7731719
-0.84000003,1.5670679,-0.84000003,1.5900067,-0.84000003,1.7253181,-0.84000003,1.7627324
-0.82,1.5679585,-0.82,1.5911869,-0.82,1.717427,-0.82,1.7529969
-0.8,1.5699956,-0.8,1.5929323,-0.8,1.7120012,-0.8,1.744775
-0.78000003,1.5730236,-0.78000003,1.5951446,-0.78000003,1.7088293,-0.78000003,1.7397877
-0.76,1.5762506,-0.76,1.5977312,-0.76,1.7080425,-0.76,1.7371043
-0.74,1.580445,-0.74,1.600695,-0.74,1.709411,-0.74,1.7360116
-0.72,1.5848778,-0.72,1.6040337,-0.72,1.7125913,-0.72,1.7358545
-0.7,1.5898219,-0.7,1.6077955,-0.7,1.7177174,-0.7,1.7363914
-0.68,1.5944474,-0.68,1.6116246,-0.68,1.7244053,-0.68,1.7392635
-0.66,1.5997105,-0.66,1.615453,-0.66,1.7326624,-0.66,1.743819
-0.64,1.6044631,-0.64,1.6191294,-0.64,1.7428995,-0.64,1.7493925
-0.62,1.6086887,-0.62,1.6225739,-0.62,1.7544127,-0.62,1.7557509
-0.6,1.6130203,-0.6,1.6258042,-0.6,1.7667334,-0.6,1.7637925
-0.58,1.6163961,-0.58,1.6287386,-0.58,1.7805091,-0.58,1.7732806
-0.56,1.6196469,-0.56,1.6314048,-0.56,1.7952278,-0.56,1.7842767
-0.54,1.6218624,-0.54,1.6334056,-0.54,1.8107586,-0.54,1.7962184
-0.52,1.6235695,-0.52,1.634721,-0.52,1.8267409,-0.52,1.8087358
-0.5,1.6244926,-0.5,1.6355208,-0.5,1.8431379,-0.5,1.821498
-0.48000002,1.6252773,-0.48000002,1.6360172,-0.48000002,1.8601445,-0.48000002,1.8349421
-0.46,1.6252185,-0.46,1.6361486,-0.46,1.8764892,-0.46,1.8489394
-0.44,1.6245553,-0.44,1.63585,-0.44,1.8929031,-0.44,1.863619
-0.42000002,1.6236061,-0.42000002,1.635287,-0.42000002,1.9090326,-0.42000002,1.8781822
-0.4,1.6226608,-0.4,1.6347096,-0.4,1.9239997,-0.4,1.8929608
-0.38000003,1.6214559,-0.38000003,1.6342453,-0.38000003,1.9386175,-0.38000003,1.9081051
-0.36,1.6202201,-0.36,1.6338639,-0.36,1.9522074,-0.36,1.9230063
-0.34,1.6191809,-0.34,1.6337751,-0.34,1.9646416,-0.34,1.9372358
-0.32000002,1.6186914,-0.32000002,1.6341667,-0.32000002,1.9757186,-0.32000002,1.9503947
-0.3,1.6182411,-0.3,1.6352495,-0.3,1.985842,-0.3,1.9626486
-0.28000003,1.6188903,-0.28000003,1.6368763,-0.28000003,1.9938473,-0.28000003,1.97359
-0.26000002,1.6197553,-0.26000002,1.6388533,-0.26000002,2.001345,-0.26000002,1.9836862
-0.24000001,1.6215603,-0.24000001,1.6412331,-0.24000001,2.0070558,-0.24000001,1.9921192
-0.22000001,1.6239018,-0.22000001,1.6442308,-0.22000001,2.0113354,-0.22000001,1.9989216
-0.20000002,1.6276226,-0.20000002,1.6480536,-0.20000002,2.014052,-0.20000002,2.0043015
-0.18000002,1.6319783,-0.18000002,1.6526622,-0.18000002,2.015958,-0.18000002,2.008516
-0.16000003,1.6373233,-0.16000003,1.6579783,-0.16000003,2.0160072,-0.16000003,2.011498
-0.14000002,1.643653,-0.14000002,1.6640711,-0.14000002,2.0148513,-0.14000002,2.0125916
-0.12000002,1.6506398,-0.12000002,1.6706393,-0.12000002,2.0125508,-0.12000002,2.011683
-0.100000024,1.6584518,-0.100000024,1.6776922,-0.100000024,2.0088453,-0.100000024,2.0091317
-0.08000002,1.6670808,-0.08000002,1.6852434,-0.08000002,2.0038767,-0.08000002,2.0050178
-0.06000002,1.6758223,-0.06000002,1.6931331,-0.06000002,1.9978826,-0.06000002,1.9995601
-0.04000002,1.6853112,-0.04000002,1.7013272,-0.04000002,1.9908128,-0.04000002,1.992505
-0.020000022,1.6950461,-0.020000022,1.7097952,-0.020000022,1.9825009,-0.020000022,1.984051
2.2351742e-08,1.7049899,2.2351742e-08,1.7183824,2.2351742e-08,1.9727298,2.2351742e-08,1.974428
0.020000022,1.7148684,0.020000022,1.726892,0.020000022,1.962451,0.020000022,1.963613
0.04000002,1.7245256,0.04000002,1.7352523,0.04000002,1.9511459,0.04000002,1.9516286
0.06000002,1.734312,0.06000002,1.7434044,0.06000002,1.9388313,0.06000002,1.9387679
0.08000002,1.7435054,0.08000002,1.751446,0.08000002,1.9255519,0.08000002,1.9251664
0.100000024,1.7525802,0.100000024,1.7593923,0.100000024,1.9115857,0.100000024,1.9106141
0.12000002,1.7606751,0.12000002,1.7671051,0.12000002,1.8966002,0.12000002,1.8953267
0.14000002,1.7685016,0.14000002,1.7744832,0.14000002,1.8810862,0.14000002,1.8788891
0.16000003,1.7760122,0.16000003,1.7814811,0.16000003,1.8648683,0.16000003,1.8613622
0.18000002,1.782758,0.18000002,1.7880789,0.18000002,1.8483343,0.18000002,1.8433553
0.20000002,1.7890924,0.20000002,1.7944748,0.20000002,1.8312013,0.20000002,1.8248103
0.22000001,1.7946644,0.22000001,1.8004688,0.22000001,1.8138735,0.22000001,1.8060486
0.24000001,1.7996485,0.24000001,1.8060503,0.24000001,1.7964483,0.24000001,1.7876272
0.26000002,1.8044745,0.26000002,1.8113575,0.26000002,1.7789063,0.26000002,1.7697259
0.28000003,1.8088887,0.28000003,1.8166196,0.28000003,1.7617564,0.28000003,1.7522098
0.3,1.8134261,0.3,1.8218355,0.3,1.7446177,0.3,1.7362605
0.32000002,1.8174973,0.32000002,1.8270599,0.32000002,1.728451,0.32000002,1.7212446
0.34,1.8220649,0.34,1.8325095,0.34,1.7128671,0.34,1.7073209
0.36,1.8265538,0.36,1.838066,0.36,1.6983341,0.36,1.6951715
0.38000003,1.8313973,0.38000003,1.8436881,0.38000003,1.6848519,0.38000003,1.6847911
0.4,1.8368909,0.4,1.8496815,0.4,1.6730806,0.4,1.6763251
0.42000002,1.8428162,0.42000002,1.8561292,0.42000002,1.6630534,0.42000002,1.6692464
0.44,1.8492229,0.44,1.8628871,0.44,1.6542604,0.44,1.6639155
0.46,1.856531,0.46,1.8700429,0.46,1.6481471,0.46,1.6605762
0.48000002,1.8647487,0.48000002,1.8778346,0.48000002,1.6441268,0.48000002,1.6594071
0.5,1.8735919,0.5,1.8863939,0.5,1.6421627,0.5,1.6604109
0.52,1.8834972,0.52,1.8958743,0.52,1.643218,0.52,1.6632456
0.54,1.8938131,0.54,1.9062102,0.54,1.6465644,0.54,1.668516
0.56,1.9049103,0.56,1.9173642,0.56,1.6527846,0.56,1.6758832
0.58,1.9168494,0.58,1.9291464,0.58,1.6621789,0.58,1.6852105
0.6,1.9293236,0.6,1.9414291,0.6,1.6737192,0.6,1.696742
0.62,1.9421711,0.62,1.9541256,0.62,1.6880996,0.62,1.7097982
0.64,1.9556973,0.64,1.9671386,0.64,1.7054048,0.64,1.7250706
0.66,1.9690441,0.66,1.9803904,0.66,1.724633,0.66,1.742589
0.68,1.9830395,0.68,1.9936495,0.68,1.7461096,0.68,1.7616116
0.7,1.9964474,0.7,2.0069332,0.7,1.7697524,0.7,1.7823788
0.72,2.009704,0.72,2.0203445,0.72,1.7950413,0.72,1.804713
0.74,2.0226917,0.74,2.033604,0.74,1.821456,0.74,1.8287271
0.76,2.0358112,0.76,2.0467877,0.76,1.8487172,0.76,1.8544115
0.78000003,2.047604,0.78000003,2.059859,0.78000003,1.8767483,0.78000003,1.8808129
0.8,2.0593421,0.8,2.0727181,0.8,1.9050264,0.8,1.9080098
0.82,2.0702758,0.82,2.0854826,0.82,1.9331447,0.82,1.9361308
0.84000003,2.0803475,0.84000003,2.0981784,0.84000003,1.9609524,0.84000003,1.9652907
0.86,2.090246,0.86,2.1107779,0.86,1.9878739,0.86,1.9951166
0.88,2.0988638,0.88,2.1233342,0.88,2.013584,0.88,2.0248742
0.9,2.1074135,0.9,2.135818,0.9,2.0382154,0.9,2.0551782
0.92,2.114811,0.92,2.1482558,0.92,2.0615041,0.92,2.086187
0.94,2.1219878,0.94,2.1607676,0.94,2.0831897,0.94,2.1175604
0.96,2.1287763,0.96,2.1733916,0.96,2.1031754,0.96,2.1497304
0.98,2.1353047,0.98,2.1861129,0.98,2.1212482,0.98,2.181679
1.0,2.1413105,1.0,2.198934,1.0,2.1379495,1.0,2.2147238
